synthetic_order_id,side,price,first_seen,last_updated,lifetime_seconds,status
c6fd0d0edf11b7a6ec3b7ef9369ae70b,ASK,1.07110000,2025-05-01 14:40:12.446244,2025-05-01 14:40:12.446244,0.000000,ACTIVE
2ad4bb8d87c6513df1c04f3aee8eeddd,BID,1.06060000,2025-05-01 14:40:12.446244,2025-05-01 14:40:12.446244,0.000000,ACTIVE
9be2111d4531dc0dc38dfb302952258a,ASK,1.19120000,2025-05-01 14:40:12.446244,2025-05-01 14:40:12.446244,0.000000,ACTIVE
f1b6e0929fd7a00398ee4277529a1c02,ASK,1.07710000,2025-05-01 14:40:12.446244,2025-05-01 14:40:12.446244,0.000000,ACTIVE
075284011fbee826ecd01ece49f6541a,ASK,1.07650000,2025-05-01 14:40:12.446244,2025-05-01 14:40:12.446244,0.000000,ACTIVE
f6c894dbc970cdbcfa2584fd7f962dab,ASK,1.16490000,2025-05-01 14:40:12.446244,2025-05-01 14:40:12.446244,0.000000,ACTIVE
bf082eac65c2498d105bd97a803b919a,ASK,1.07540000,2025-05-01 14:40:12.446244,2025-05-01 14:40:12.446244,0.000000,ACTIVE
ba0b15d9d6e9a9c7b4f3698c29a8e444,ASK,1.08580000,2025-05-01 14:40:12.446244,2025-05-01 14:40:12.446244,0.000000,ACTIVE
f697f36fca15f08f58c1220753d5ec49,ASK,1.10340000,2025-05-01 14:40:12.446244,2025-05-01 14:40:12.446244,0.000000,ACTIVE
241072074c302965a24ddaef78c626d9,BID,1.05910000,2025-05-01 14:40:12.446244,2025-05-01 14:40:12.446244,0.000000,ACTIVE
e5ce1c354b00d22fa1cd7c03187d09d8,BID,1.06440000,2025-05-01 14:40:12.446244,2025-05-01 14:40:12.446244,0.000000,ACTIVE
6b72fe45a9f765be743d1dd99e2de9ba,ASK,1.15990000,2025-05-01 14:40:12.446244,2025-05-01 14:40:12.446244,0.000000,ACTIVE
0aaaab2f8b35d65aa95b07af107170bb,ASK,1.07590000,2025-05-01 14:40:12.446244,2025-05-01 14:40:12.446244,0.000000,ACTIVE
47615c3657b1fdb14cc86a6c4f30dfc8,ASK,1.08010000,2025-05-01 14:40:12.446244,2025-05-01 14:40:12.446244,0.000000,ACTIVE
fde240f710bb8caacb860f0885a6028d,ASK,1.07160000,2025-05-01 14:40:12.446244,2025-05-01 14:40:12.446244,0.000000,ACTIVE
a4892dbe907f6b2f9eff31b99ffe12b4,BID,1.06410000,2025-05-01 14:40:12.446244,2025-05-01 14:40:12.446244,0.000000,ACTIVE
b15be9f01026c31c04939bb743b1f7d0,BID,1.06080000,2025-05-01 14:40:12.446244,2025-05-01 14:40:12.446244,0.000000,ACTIVE
62afca01634cd7deb53f79b48dc78c71,ASK,1.09270000,2025-05-01 14:40:12.446244,2025-05-01 14:40:12.446244,0.000000,ACTIVE
de223a57a39500e8c75af7d48e9d036a,ASK,1.07050000,2025-05-01 14:40:12.446244,2025-05-01 14:40:12.446244,0.000000,ACTIVE
f5798e3e9fe5b69ca6a406dd37d55829,ASK,1.07510000,2025-05-01 14:40:12.446244,2025-05-01 14:40:12.446244,0.000000,ACTIVE
1ba03a1869192b2cf2b21347b0d22a7a,ASK,1.19140000,2025-05-01 14:40:12.446244,2025-05-01 14:40:12.446244,0.000000,ACTIVE
5b031b0b67564de17bb27fcb64698d1d,ASK,1.16540000,2025-05-01 14:40:12.446244,2025-05-01 14:40:12.446244,0.000000,ACTIVE
c88154ae98d958d7df19e0b24f067a33,ASK,1.07010000,2025-05-01 14:40:12.446244,2025-05-01 14:40:12.446244,0.000000,ACTIVE
d0ef9fff235a13b87d5ae1e5665a4edb,ASK,1.07180000,2025-05-01 14:40:12.446244,2025-05-01 14:40:12.446244,0.000000,ACTIVE
aee9f436be434b143f9e1157f5a873a7,ASK,1.07170000,2025-05-01 14:40:12.446244,2025-05-01 14:40:12.446244,0.000000,ACTIVE
64ce983fb3af972e4ee0c343b0c2da23,BID,1.06150000,2025-05-01 14:40:12.446244,2025-05-01 14:40:12.446244,0.000000,ACTIVE
b4bedffbe21ea3130acc8fb5bf23bec7,ASK,1.08600000,2025-05-01 14:40:12.446244,2025-05-01 14:40:12.446244,0.000000,ACTIVE
b6f14f2ea8cbd581f78d000aa2f060ec,ASK,1.19180000,2025-05-01 14:40:12.446244,2025-05-01 14:40:12.446244,0.000000,ACTIVE
b5bb6b28f02d12735dce0009e5c80fd2,BID,1.05900000,2025-05-01 14:40:12.446244,2025-05-01 14:40:12.446244,0.000000,ACTIVE
3b32e4bc596c73b5e875f67fdb89e803,ASK,1.07750000,2025-05-01 14:40:12.446244,2025-05-01 14:40:12.446244,0.000000,ACTIVE
934ebb6b1313b19554ef54ddd3a4b157,ASK,1.07520000,2025-05-01 14:40:12.446244,2025-05-01 14:40:12.446244,0.000000,ACTIVE
bec926b1146123ce800070c52725ecc6,ASK,1.07130000,2025-05-01 14:40:12.446244,2025-05-01 14:40:12.446244,0.000000,ACTIVE
d26235c5212550c201700834cccc383a,BID,1.06200000,2025-05-01 14:40:12.446244,2025-05-01 14:40:12.446244,0.000000,ACTIVE
8eb659c93315081758621c2b44408411,BID,1.06160000,2025-05-01 14:40:12.446244,2025-05-01 14:40:12.446244,0.000000,ACTIVE
71f1849f2b2a2d1b901fad1080722f2d,ASK,1.07830000,2025-05-01 14:40:12.446244,2025-05-01 14:40:12.446244,0.000000,ACTIVE
b8c108826c614a629cfa869ca42eac00,ASK,1.07200000,2025-05-01 14:40:12.446244,2025-05-01 14:40:12.446244,0.000000,ACTIVE
0bec821fc715e08f0130d06ad9598998,ASK,1.18920000,2025-05-01 14:40:12.446244,2025-05-01 14:40:12.446244,0.000000,ACTIVE
707e0f83b50aca60fc0e469b0aeef9f1,BID,1.06090000,2025-05-01 14:40:12.446244,2025-05-01 14:40:12.446244,0.000000,ACTIVE
4f91189dd85d895cdfb3178f6a0b438d,BID,1.06260000,2025-05-01 14:40:12.446244,2025-05-01 14:40:12.446244,0.000000,ACTIVE
608a005cfd248ee35c3926caae4f0c42,ASK,1.07310000,2025-05-01 14:40:12.446244,2025-05-01 14:40:12.446244,0.000000,ACTIVE
1170de718862a6f7eae33f8118c8f6fe,ASK,1.08330000,2025-05-01 14:40:12.446244,2025-05-01 14:40:12.446244,0.000000,ACTIVE
04d34ee703d0fe74a64b618400b878c8,ASK,1.09700000,2025-05-01 14:40:12.446244,2025-05-01 14:40:12.446244,0.000000,ACTIVE
7c637085440a681e5c50e414d1d24c65,ASK,1.08130000,2025-05-01 14:40:12.446244,2025-05-01 14:40:12.446244,0.000000,ACTIVE
45cbf7cbc1e3af0ecfcbd15cc013b6c5,ASK,1.08160000,2025-05-01 14:40:12.446244,2025-05-01 14:40:12.446244,0.000000,ACTIVE
3ed31121748230424b8ebbbafba19625,BID,1.06240000,2025-05-01 14:40:12.446244,2025-05-01 14:40:12.446244,0.000000,ACTIVE
a9e0e45d719fc24414a7dccfd50f5c18,ASK,1.07120000,2025-05-01 14:40:12.446244,2025-05-01 14:40:12.446244,0.000000,ACTIVE
f530dab82c34ae6329ce7a5daa51ba50,ASK,1.19150000,2025-05-01 14:40:12.446244,2025-05-01 14:40:12.446244,0.000000,ACTIVE
f37581e5443a86fdc23af9ec19a58016,ASK,1.07890000,2025-05-01 14:40:12.446244,2025-05-01 14:40:12.446244,0.000000,ACTIVE
fa11108b422e86f40f87d02d3a4411e9,ASK,1.19160000,2025-05-01 14:40:12.446244,2025-05-01 14:40:12.446244,0.000000,ACTIVE
81d6ff3ddf62206435135a34f60c48d2,ASK,1.07290000,2025-05-01 14:40:12.446244,2025-05-01 14:40:12.446244,0.000000,ACTIVE
39c68e51706596d42cf1a1c05b5d5dc7,BID,1.05940000,2025-05-01 14:40:12.446244,2025-05-01 14:40:12.446244,0.000000,ACTIVE
47980af84c6c4b953fd20299c07eaec3,ASK,1.08000000,2025-05-01 14:40:12.446244,2025-05-01 14:40:12.446244,0.000000,ACTIVE
3124dd39a4bb7aebb0fa72f11792e534,ASK,1.19230000,2025-05-01 14:40:12.446244,2025-05-01 14:40:12.446244,0.000000,ACTIVE
ddf59ec260b6e2c6daa579c5d3c37ced,ASK,1.08260000,2025-05-01 14:40:12.446244,2025-05-01 14:40:12.446244,0.000000,ACTIVE
3f225d38360592c6f35d21022bc0d8f7,BID,1.06400000,2025-05-01 14:40:12.446244,2025-05-01 14:40:12.446244,0.000000,ACTIVE
2f9a49124803cf8bca2b3ddd8f6fd285,ASK,1.07090000,2025-05-01 14:40:12.446244,2025-05-01 14:40:12.446244,0.000000,ACTIVE
b66b2db49a678e7d54b531a2ac06dfb9,BID,1.06320000,2025-05-01 14:40:12.446244,2025-05-01 14:40:12.446244,0.000000,ACTIVE
c31a06023fe5fc0589ab40f931583192,ASK,1.07300000,2025-05-01 14:40:12.446244,2025-05-01 14:40:12.446244,0.000000,ACTIVE
357de867bb93c9d5b6474c220552b619,BID,1.06180000,2025-05-01 14:40:12.446244,2025-05-01 14:40:12.446244,0.000000,ACTIVE
e569da90d5972cbd7aed13270ea159f1,ASK,1.11450000,2025-05-01 14:40:12.446244,2025-05-01 14:40:12.446244,0.000000,ACTIVE
8a214c5f30eb90cc4804ba3a2df6df54,ASK,1.10120000,2025-05-01 14:40:12.446244,2025-05-01 14:40:12.446244,0.000000,ACTIVE
946c2028d2ee15350cf5426060d14542,ASK,1.07150000,2025-05-01 14:40:12.446244,2025-05-01 14:40:12.446244,0.000000,ACTIVE
c5e3bfcd84464ee46c2677c65208f65e,BID,1.06310000,2025-05-01 14:40:12.446244,2025-05-01 14:40:12.446244,0.000000,ACTIVE
fcf1e544156b8541c3a0a5e1e7a83214,ASK,1.19200000,2025-05-01 14:40:12.446244,2025-05-01 14:40:12.446244,0.000000,ACTIVE
9de6907eac62dd39b104d962fc461d8c,ASK,1.08790000,2025-05-01 14:40:12.446244,2025-05-01 14:40:12.446244,0.000000,ACTIVE
972f1ebb0be5c22c8daf151a42af46e3,ASK,1.17020000,2025-05-01 14:40:12.446244,2025-05-01 14:40:12.446244,0.000000,ACTIVE
bd093138886f399f8bb01c1b4b02e858,ASK,1.09610000,2025-05-01 14:40:12.446244,2025-05-01 14:40:12.446244,0.000000,ACTIVE
0d2c0680e2a78bc5cfe0cbdedbaa5ef3,ASK,1.08370000,2025-05-01 14:40:12.446244,2025-05-01 14:40:12.446244,0.000000,ACTIVE
b6fc7be2ff5e47a962b7eb8643edd58a,ASK,1.07060000,2025-05-01 14:40:12.446244,2025-05-01 14:40:12.446244,0.000000,ACTIVE
f348f890fd091af9f97d179b844591e0,BID,1.05890000,2025-05-01 14:40:12.446244,2025-05-01 14:40:12.446244,0.000000,ACTIVE
b5d26aa8545a38ae46e174150a47e08a,ASK,1.07020000,2025-05-01 14:40:12.446244,2025-05-01 14:40:12.446244,0.000000,ACTIVE
e6f6f97ab5d473820e379fcca11ec9bf,ASK,1.08290000,2025-05-01 14:40:12.446244,2025-05-01 14:40:12.446244,0.000000,ACTIVE
644feb1423545db86ef996075d7d9303,ASK,1.19130000,2025-05-01 14:40:12.446244,2025-05-01 14:40:12.446244,0.000000,ACTIVE
874c811e513cb5c09c9d37533d2f736c,ASK,1.07190000,2025-05-01 14:40:12.446244,2025-05-01 14:40:12.446244,0.000000,ACTIVE
ee0140c0832228455b8d644fd40befb4,BID,1.06430000,2025-05-01 14:40:12.446244,2025-05-01 14:40:12.446244,0.000000,ACTIVE
95731a51c5bf97ab30f4780220577056,ASK,1.19080000,2025-05-01 14:40:12.446244,2025-05-01 14:40:12.446244,0.000000,ACTIVE
82e7626d3839b634f7590625f06f65ca,ASK,1.13920000,2025-05-01 14:40:12.446244,2025-05-01 14:40:12.446244,0.000000,ACTIVE
39e7dd8f92496f18ce1d2f17e516b27f,ASK,1.07260000,2025-05-01 14:40:12.446244,2025-05-01 14:40:12.446244,0.000000,ACTIVE
b022ac5236089ef9a946d4231761d64a,BID,1.06340000,2025-05-01 14:40:12.446244,2025-05-01 14:40:12.446244,0.000000,ACTIVE
d2a5c4f6afdfc8d4232d998fe4fff4b0,BID,1.06390000,2025-05-01 14:40:12.446244,2025-05-01 14:40:12.446244,0.000000,ACTIVE
c77dab003d7255236a3f6d2b7ec63d85,ASK,1.08800000,2025-05-01 14:40:12.446244,2025-05-01 14:40:12.446244,0.000000,ACTIVE
7d2aadfa86ad420d1afb1209780075f2,BID,1.06120000,2025-05-01 14:40:12.446244,2025-05-01 14:40:12.446244,0.000000,ACTIVE
5a884d25a398f50882de5827aadb4d2f,ASK,1.09620000,2025-05-01 14:40:12.446244,2025-05-01 14:40:12.446244,0.000000,ACTIVE
aaa5ec302a62896373f9ab4bcf97ee4a,ASK,1.07330000,2025-05-01 14:40:12.446244,2025-05-01 14:40:12.446244,0.000000,ACTIVE
1c5cace1c61a6f4fed2256a6459101b5,ASK,1.19220000,2025-05-01 14:40:12.446244,2025-05-01 14:40:12.446244,0.000000,ACTIVE
b12e1f207009cc8be9ab288ea7d705df,ASK,1.08540000,2025-05-01 14:40:12.446244,2025-05-01 14:40:12.446244,0.000000,ACTIVE
11445786d69f98f234a96ba402822927,ASK,1.07840000,2025-05-01 14:40:12.446244,2025-05-01 14:40:12.446244,0.000000,ACTIVE
e57f46111b2b107da983e300b53ccf5e,BID,1.05950000,2025-05-01 14:40:12.446244,2025-05-01 14:40:12.446244,0.000000,ACTIVE
d2572ffe0593ba89b4c3d7c23a88f25b,BID,1.06140000,2025-05-01 14:40:12.446244,2025-05-01 14:40:12.446244,0.000000,ACTIVE
7ef3d6a45ef2fd718c0b9d62132f640d,BID,1.06170000,2025-05-01 14:40:12.446244,2025-05-01 14:40:12.446244,0.000000,ACTIVE
0127923621c4141872d18d595e5b289c,ASK,1.07730000,2025-05-01 14:40:12.446244,2025-05-01 14:40:12.446244,0.000000,ACTIVE
d5d951eb992edf171249478d5b41b005,BID,1.06190000,2025-05-01 14:40:12.446244,2025-05-01 14:40:12.446244,0.000000,ACTIVE
81fa8d5a12eb30771bf89789c33bee0f,ASK,1.07320000,2025-05-01 14:40:12.446244,2025-05-01 14:40:12.446244,0.000000,ACTIVE
94d2f2d0d5fd72508f80743c142c6186,ASK,1.09320000,2025-05-01 14:40:12.446244,2025-05-01 14:40:12.446244,0.000000,ACTIVE
ff525456e0d461b7e285d810189d7fa8,ASK,1.07250000,2025-05-01 14:40:12.446244,2025-05-01 14:40:12.446244,0.000000,ACTIVE
571a185b7fbfd73e18ecd5dc15ffa1d6,BID,1.06420000,2025-05-01 14:40:12.446244,2025-05-01 14:40:12.446244,0.000000,ACTIVE
6435fff54fe8dc2bd03cf5b106da4085,ASK,1.07140000,2025-05-01 14:40:12.446244,2025-05-01 14:40:12.446244,0.000000,ACTIVE
ccc521298ce77fee5787b8a0f63af408,ASK,1.10110000,2025-05-01 14:40:12.446244,2025-05-01 14:40:12.446244,0.000000,ACTIVE
7fd021efd53655b00ac233eb2fe2a802,ASK,1.11580000,2025-05-01 14:40:12.446244,2025-05-01 14:40:12.446244,0.000000,ACTIVE
55b6d332a66e32273c8c4444701abc44,ASK,1.07720000,2025-05-01 14:40:12.446244,2025-05-01 14:40:12.446244,0.000000,ACTIVE
51a264c1664a68679dd10a6e0fe02f81,ASK,1.10330000,2025-05-01 14:40:12.446244,2025-05-01 14:40:12.446244,0.000000,ACTIVE
69a7cd0a37a45240276552d2b97a2823,ASK,1.19190000,2025-05-01 14:40:12.446244,2025-05-01 14:40:12.446244,0.000000,ACTIVE
d548201d355e7ed50080392199ac293b,ASK,1.09460000,2025-05-01 14:40:12.446244,2025-05-01 14:40:12.446244,0.000000,ACTIVE
3761b208287fec1f9d72a1ad69cf680f,ASK,1.17040000,2025-05-01 14:40:12.446244,2025-05-01 14:40:12.446244,0.000000,ACTIVE
acf32ce167e7b676bc469a91f47ecff6,BID,1.06380000,2025-05-01 14:40:12.446244,2025-05-01 14:40:12.446244,0.000000,ACTIVE
b708b933f641a9da06b4a81e3a75f431,ASK,1.08200000,2025-05-01 14:40:12.446244,2025-05-01 14:40:12.446244,0.000000,ACTIVE
b93b3615ee255b26e4cca50c62145d51,BID,1.05920000,2025-05-01 14:40:12.446244,2025-05-01 14:40:12.446244,0.000000,ACTIVE
0cc2c51d4e68f4d093b56b7c12f9827b,BID,1.04290000,2025-05-01 14:40:12.446244,2025-05-01 14:40:12.446244,0.000000,ACTIVE
2150ea2f71181cc79330b9a861f3a8de,BID,1.00250000,2025-05-01 14:40:12.446244,2025-05-01 14:40:12.446244,0.000000,ACTIVE
a6a08f3adc9bf290483f85d83f080592,BID,1.02210000,2025-05-01 14:40:12.446244,2025-05-01 14:40:12.446244,0.000000,ACTIVE
d559fe3ee922b7c856c97e7abb3b0b37,BID,1.05770000,2025-05-01 14:40:12.446244,2025-05-01 14:40:12.446244,0.000000,ACTIVE
e3a48ed402b8438fd9ce79f48229122e,BID,1.02090000,2025-05-01 14:40:12.446244,2025-05-01 14:40:12.446244,0.000000,ACTIVE
b4438bd7cddea705d5dbbc4bb61352d4,ASK,1.06760000,2025-05-01 14:40:12.446244,2025-05-01 14:40:12.446244,0.000000,ACTIVE
0c0039b08ac06e8862c4e40d7cbd4ecd,BID,1.01600000,2025-05-01 14:40:12.446244,2025-05-01 14:40:12.446244,0.000000,ACTIVE
be96eac6dbfc1e79117225c4ad1ad7f0,BID,1.05850000,2025-05-01 14:40:12.446244,2025-05-01 14:40:12.446244,0.000000,ACTIVE
861e5e52684a923ea84f5f9887f348db,BID,1.05140000,2025-05-01 14:40:12.446244,2025-05-01 14:40:12.446244,0.000000,ACTIVE
6b4d3889e0281ec776725480d9e6f44e,BID,1.05050000,2025-05-01 14:40:12.446244,2025-05-01 14:40:12.446244,0.000000,ACTIVE
1fd76a0318666156c2f3b48a4cf8f1cd,BID,1.04340000,2025-05-01 14:40:12.446244,2025-05-01 14:40:12.446244,0.000000,ACTIVE
d4c14a26f03ebc6c122bb27eb3199bca,BID,1.04320000,2025-05-01 14:40:12.446244,2025-05-01 14:40:12.446244,0.000000,ACTIVE
f97b0d0d612e4f1321803581a15d1e7c,ASK,1.06660000,2025-05-01 14:40:12.446244,2025-05-01 14:40:12.446244,0.000000,ACTIVE
a248d1ca02c28a000428a11f770758d8,BID,1.03390000,2025-05-01 14:40:12.446244,2025-05-01 14:40:12.446244,0.000000,ACTIVE
85edb550ef0e71809b19e542c02f5c54,ASK,1.06500000,2025-05-01 14:40:12.446244,2025-05-01 14:40:12.446244,0.000000,ACTIVE
fb08b7b5bec1547397ecb0217799387a,BID,1.04630000,2025-05-01 14:40:12.446244,2025-05-01 14:40:12.446244,0.000000,ACTIVE
cdef47a34089d430ba054b735f0e8848,BID,1.04710000,2025-05-01 14:40:12.446244,2025-05-01 14:40:12.446244,0.000000,ACTIVE
0afd7e0245fc7bab2cfdeb7e56874e9b,BID,1.04590000,2025-05-01 14:40:12.446244,2025-05-01 14:40:12.446244,0.000000,ACTIVE
1660e8879388eb6812aaef8374af0527,BID,0.95820000,2025-05-01 14:40:12.446244,2025-05-01 14:40:12.446244,0.000000,ACTIVE
bb14112133e63ef0f4c984f06c3aa9f5,BID,1.01020000,2025-05-01 14:40:12.446244,2025-05-01 14:40:12.446244,0.000000,ACTIVE
2e1a1629912ba89c6a7320d4059e0114,BID,1.02440000,2025-05-01 14:40:12.446244,2025-05-01 14:40:12.446244,0.000000,ACTIVE
bf05bbab051434fbf92827154143603e,BID,1.04430000,2025-05-01 14:40:12.446244,2025-05-01 14:40:12.446244,0.000000,ACTIVE
66de077a525cc4025b5dab4d02406654,ASK,1.06790000,2025-05-01 14:40:12.446244,2025-05-01 14:40:12.446244,0.000000,ACTIVE
b48ae005afe2b1f0523e78d352ffcf97,BID,1.05780000,2025-05-01 14:40:12.446244,2025-05-01 14:40:12.446244,0.000000,ACTIVE
c8b29dd3235438955efd8a9c59fc022d,ASK,1.06640000,2025-05-01 14:40:12.446244,2025-05-01 14:40:12.446244,0.000000,ACTIVE
2c83fe4145195c23813a4049db2f3da3,BID,1.05510000,2025-05-01 14:40:12.446244,2025-05-01 14:40:12.446244,0.000000,ACTIVE
ff681af8fa7340408c71ade3363c68dd,BID,1.02140000,2025-05-01 14:40:12.446244,2025-05-01 14:40:12.446244,0.000000,ACTIVE
ad6b05071df1699e99443537f639b348,BID,1.03150000,2025-05-01 14:40:12.446244,2025-05-01 14:40:12.446244,0.000000,ACTIVE
f14d12579181d542868804821afce2f4,BID,1.04210000,2025-05-01 14:40:12.446244,2025-05-01 14:40:12.446244,0.000000,ACTIVE
e8fecf4469f33600b84d333bbeabeefa,BID,1.05720000,2025-05-01 14:40:12.446244,2025-05-01 14:40:12.446244,0.000000,ACTIVE
ee9e6576b0ef9ababf1e24074b1e8b95,BID,1.02350000,2025-05-01 14:40:12.446244,2025-05-01 14:40:12.446244,0.000000,ACTIVE
4d49e00f5755d5badbcde8eec5001f72,BID,1.05310000,2025-05-01 14:40:12.446244,2025-05-01 14:40:12.446244,0.000000,ACTIVE
1397ec544312c1cc987a9bc85ff4bcbf,BID,1.02740000,2025-05-01 14:40:12.446244,2025-05-01 14:40:12.446244,0.000000,ACTIVE
2c9c5c3908ab6d062464a8c7a808d3d7,ASK,1.06480000,2025-05-01 14:40:12.446244,2025-05-01 14:40:12.446244,0.000000,ACTIVE
795200f7f3d0355b5b51aad5414cfcfe,BID,1.03490000,2025-05-01 14:40:12.446244,2025-05-01 14:40:12.446244,0.000000,ACTIVE
2ebf3e4784a915e598f064bfdb7b85ad,BID,1.01560000,2025-05-01 14:40:12.446244,2025-05-01 14:40:12.446244,0.000000,ACTIVE
b435fb6eed372f37196fed242bb84c33,BID,1.02810000,2025-05-01 14:40:12.446244,2025-05-01 14:40:12.446244,0.000000,ACTIVE
3f5219dd2762445f3b696497a3cb0191,BID,1.05190000,2025-05-01 14:40:12.446244,2025-05-01 14:40:12.446244,0.000000,ACTIVE
f828306533251db9b03e08661109c0b7,BID,1.00610000,2025-05-01 14:40:12.446244,2025-05-01 14:40:12.446244,0.000000,ACTIVE
4ad8558515339796dd38fbf8243bc121,ASK,1.06840000,2025-05-01 14:40:12.446244,2025-05-01 14:40:12.446244,0.000000,ACTIVE
d02bbad34ee0cb8a8188d6584a5cd888,BID,1.04970000,2025-05-01 14:40:12.446244,2025-05-01 14:40:12.446244,0.000000,ACTIVE
e08c717dbbd680ee12700c50c4586e3e,BID,1.02830000,2025-05-01 14:40:12.446244,2025-05-01 14:40:12.446244,0.000000,ACTIVE
4802dc78b74ea474276a21ba62b645c2,BID,1.05200000,2025-05-01 14:40:12.446244,2025-05-01 14:40:12.446244,0.000000,ACTIVE
ff948db574022e08afc3e07a718d7121,ASK,1.06780000,2025-05-01 14:40:12.446244,2025-05-01 14:40:12.446244,0.000000,ACTIVE
36bb4cf02db63cae036610231dd71f3d,BID,1.03680000,2025-05-01 14:40:12.446244,2025-05-01 14:40:12.446244,0.000000,ACTIVE
ae0a7522de24698a04711fbb5e227971,BID,1.00030000,2025-05-01 14:40:12.446244,2025-05-01 14:40:12.446244,0.000000,ACTIVE
d187f655d5da4c95cd3b295416195a0d,BID,0.95730000,2025-05-01 14:40:12.446244,2025-05-01 14:40:12.446244,0.000000,ACTIVE
a66e6493cde9acc8de6141628eb0919e,BID,1.04300000,2025-05-01 14:40:12.446244,2025-05-01 14:40:12.446244,0.000000,ACTIVE
70483891b490dea0ab0f70b109fb2aa2,BID,1.03170000,2025-05-01 14:40:12.446244,2025-05-01 14:40:12.446244,0.000000,ACTIVE
61573a88e9d53a9977c843842802120d,ASK,1.06630000,2025-05-01 14:40:12.446244,2025-05-01 14:40:12.446244,0.000000,ACTIVE
81720ec0dff98cecbae3f7086b35e405,ASK,1.06520000,2025-05-01 14:40:12.446244,2025-05-01 14:40:12.446244,0.000000,ACTIVE
421ad3d07915bef7023932ca48be20da,BID,1.04120000,2025-05-01 14:40:12.446244,2025-05-01 14:40:12.446244,0.000000,ACTIVE
d339897cf30e251f9691f095fa90a249,BID,1.03840000,2025-05-01 14:40:12.446244,2025-05-01 14:40:12.446244,0.000000,ACTIVE
72078200143ddae58c837fc0b35b45a2,BID,1.05320000,2025-05-01 14:40:12.446244,2025-05-01 14:40:12.446244,0.000000,ACTIVE
b8db6a37050ca73a563a5963dd046896,BID,1.05040000,2025-05-01 14:40:12.446244,2025-05-01 14:40:12.446244,0.000000,ACTIVE
e0f776f46290d38a3db2de5d029c6252,BID,1.04520000,2025-05-01 14:40:12.446244,2025-05-01 14:40:12.446244,0.000000,ACTIVE
4b66dbd52090402e5926531d0f7fb1a4,BID,1.03600000,2025-05-01 14:40:12.446244,2025-05-01 14:40:12.446244,0.000000,ACTIVE
355b7c8d9e01e2da820e501b52627262,ASK,1.06920000,2025-05-01 14:40:12.446244,2025-05-01 14:40:12.446244,0.000000,ACTIVE
b9022cb0a02f1085bc6fded42a285dee,ASK,1.06560000,2025-05-01 14:40:12.446244,2025-05-01 14:40:12.446244,0.000000,ACTIVE
54077f425bfe873f8a0a50b2de177bea,BID,1.05530000,2025-05-01 14:40:12.446244,2025-05-01 14:40:12.446244,0.000000,ACTIVE
172b66d857a25753392be7b2318b9b2c,ASK,1.06850000,2025-05-01 14:40:12.446244,2025-05-01 14:40:12.446244,0.000000,ACTIVE
7fa503ca7851460227b07e3f931a95df,BID,1.03740000,2025-05-01 14:40:12.446244,2025-05-01 14:40:12.446244,0.000000,ACTIVE
6016991333576f4c841d2cef15487264,BID,1.04550000,2025-05-01 14:40:12.446244,2025-05-01 14:40:12.446244,0.000000,ACTIVE
0eb0f22bf54b1ab545991c6c7ac01ac1,ASK,1.06960000,2025-05-01 14:40:12.446244,2025-05-01 14:40:12.446244,0.000000,ACTIVE
1e7383102b848b451a74bd05cd6d93d7,BID,1.03860000,2025-05-01 14:40:12.446244,2025-05-01 14:40:12.446244,0.000000,ACTIVE
910c8c592e7a7ced21317beb5112924d,BID,1.04260000,2025-05-01 14:40:12.446244,2025-05-01 14:40:12.446244,0.000000,ACTIVE
c626fd5beeb5135b2885d31aa45d544d,BID,1.01580000,2025-05-01 14:40:12.446244,2025-05-01 14:40:12.446244,0.000000,ACTIVE
41f2c515caff8d84b6f03667365d3729,BID,1.05610000,2025-05-01 14:40:12.446244,2025-05-01 14:40:12.446244,0.000000,ACTIVE
7299ed40fee8cf0de036d9a431a4489e,BID,1.05820000,2025-05-01 14:40:12.446244,2025-05-01 14:40:12.446244,0.000000,ACTIVE
5f24f99d77839443c592673071b082ac,BID,1.04580000,2025-05-01 14:40:12.446244,2025-05-01 14:40:12.446244,0.000000,ACTIVE
096a13c94d68c96c8b46270e8e6a1a4c,BID,1.05520000,2025-05-01 14:40:12.446244,2025-05-01 14:40:12.446244,0.000000,ACTIVE
0bd852d9139bb99e7ce6b084910b71f0,BID,1.05000000,2025-05-01 14:40:12.446244,2025-05-01 14:40:12.446244,0.000000,ACTIVE
ffd46a6c3fcf2df508bee08bdb3f8048,ASK,1.06880000,2025-05-01 14:40:12.446244,2025-05-01 14:40:12.446244,0.000000,ACTIVE
772594a922012a599eccae48167ed06c,ASK,1.06820000,2025-05-01 14:40:12.446244,2025-05-01 14:40:12.446244,0.000000,ACTIVE
5b655b23e944b9c6b902667590557ec4,ASK,1.06490000,2025-05-01 14:40:12.446244,2025-05-01 14:40:12.446244,0.000000,ACTIVE
6ebb95309624e1d7b91a9f3dfb3c15da,BID,1.05730000,2025-05-01 14:40:12.446244,2025-05-01 14:40:12.446244,0.000000,ACTIVE
6113fa726da39dc18d70bffe0729f228,BID,1.02780000,2025-05-01 14:40:12.446244,2025-05-01 14:40:12.446244,0.000000,ACTIVE
9848622fec5523c5fd2aa438acc3fdef,BID,1.04820000,2025-05-01 14:40:12.446244,2025-05-01 14:40:12.446244,0.000000,ACTIVE
312df35d4276908fbebc776d445adf22,BID,1.04570000,2025-05-01 14:40:12.446244,2025-05-01 14:40:12.446244,0.000000,ACTIVE
60e1df3a26ee05a45016b0ed3f2bf3b6,BID,1.05470000,2025-05-01 14:40:12.446244,2025-05-01 14:40:12.446244,0.000000,ACTIVE
5f8a6a2367c39f14506bee42c3ee29c0,ASK,1.06830000,2025-05-01 14:40:12.446244,2025-05-01 14:40:12.446244,0.000000,ACTIVE
3cbca0cff488958cd378327afd728421,BID,1.02750000,2025-05-01 14:40:12.446244,2025-05-01 14:40:12.446244,0.000000,ACTIVE
f5ee559709f01e3f1a13d6e018b3ec0d,ASK,1.06860000,2025-05-01 14:40:12.446244,2025-05-01 14:40:12.446244,0.000000,ACTIVE
cf63e8739e0c967770923218f5ba5e04,ASK,1.06750000,2025-05-01 14:40:12.446244,2025-05-01 14:40:12.446244,0.000000,ACTIVE
68f7e4da9509a698fe404d3f64a18b6a,BID,1.05650000,2025-05-01 14:40:12.446244,2025-05-01 14:40:12.446244,0.000000,ACTIVE
9ed4ed62ad58268c4f269799148e8a34,BID,0.97420000,2025-05-01 14:40:12.446244,2025-05-01 14:40:12.446244,0.000000,ACTIVE
1e98e42e02457349274f3ea8c2bf4365,ASK,1.06740000,2025-05-01 14:40:12.446244,2025-05-01 14:40:12.446244,0.000000,ACTIVE
921f1b27615e0557827089125214ff94,BID,1.01460000,2025-05-01 14:40:12.446244,2025-05-01 14:40:12.446244,0.000000,ACTIVE
415cc24a4b2b855252884fe4d7189903,ASK,1.06930000,2025-05-01 14:40:12.446244,2025-05-01 14:40:12.446244,0.000000,ACTIVE
e0b97bcbe5762c31bc868f605155708b,BID,1.01090000,2025-05-01 14:40:12.446244,2025-05-01 14:40:12.446244,0.000000,ACTIVE
3e3a90c05550a8f1026482c1de3e3001,BID,0.98970000,2025-05-01 14:40:12.446244,2025-05-01 14:40:12.446244,0.000000,ACTIVE
174e1179084f1a4fc81f652081f0037f,ASK,1.06570000,2025-05-01 14:40:12.446244,2025-05-01 14:40:12.446244,0.000000,ACTIVE
dbf9485570c9816ff04dbf402e0de31b,ASK,1.06770000,2025-05-01 14:40:12.446244,2025-05-01 14:40:12.446244,0.000000,ACTIVE
397a57d0b14d936af48d0aee7ee706de,BID,1.05350000,2025-05-01 14:40:12.446244,2025-05-01 14:40:12.446244,0.000000,ACTIVE
cd962c6faaadc4bd3d9e2f73850fce7a,BID,1.04660000,2025-05-01 14:40:12.446244,2025-05-01 14:40:12.446244,0.000000,ACTIVE
4d62afce820ffef7251e2b0c26081354,ASK,1.06910000,2025-05-01 14:40:12.446244,2025-05-01 14:40:12.446244,0.000000,ACTIVE
c0cfb3fb95e03a6fe01926039578ab59,BID,0.97910000,2025-05-01 14:40:12.446244,2025-05-01 14:40:12.446244,0.000000,ACTIVE
718e2827ec35e904b64abc9ac34b16dd,BID,1.05750000,2025-05-01 14:40:12.446244,2025-05-01 14:40:12.446244,0.000000,ACTIVE
7ea0ae2f4825ebf4dc62b031af4bc9be,BID,1.02770000,2025-05-01 14:40:12.446244,2025-05-01 14:40:12.446244,0.000000,ACTIVE
081b1b393a7e69440d8407c15628de9e,BID,1.05880000,2025-05-01 14:40:12.446244,2025-05-01 14:40:12.446244,0.000000,ACTIVE
7e5830e4f1fff87a0ee803a4d994a109,BID,1.03100000,2025-05-01 14:40:12.446244,2025-05-01 14:40:12.446244,0.000000,ACTIVE
ec97269dde56cdf100eeffa6768f45ab,BID,1.04020000,2025-05-01 14:40:12.446244,2025-05-01 14:40:12.446244,0.000000,ACTIVE
04ba3e2d6513db3970ad76b48ca9f3c3,BID,0.99010000,2025-05-01 14:40:12.446244,2025-05-01 14:40:12.446244,0.000000,ACTIVE
55a62bd32a2323d812205bef060b87ff,BID,1.02570000,2025-05-01 14:40:12.446244,2025-05-01 14:40:12.446244,0.000000,ACTIVE
385266c4924a2823f9a9f57ad1255251,ASK,1.06890000,2025-05-01 14:40:12.446244,2025-05-01 14:40:12.446244,0.000000,ACTIVE
da31b074064070498c9d69c986d3f117,BID,1.04010000,2025-05-01 14:40:12.446244,2025-05-01 14:40:12.446244,0.000000,ACTIVE
91f85b81f319aba034d168ac6390259e,BID,1.04930000,2025-05-01 14:40:12.446244,2025-05-01 14:40:12.446244,0.000000,ACTIVE
fcf4d51baa9d739e5b59a4e1cbc7d242,ASK,1.06610000,2025-05-01 14:40:12.446244,2025-05-01 14:40:12.446244,0.000000,ACTIVE
b40289d44344d8c1c75b5deb9946c4b3,BID,1.05760000,2025-05-01 14:40:12.446244,2025-05-01 14:40:12.446244,0.000000,ACTIVE
ad6e873414fd802267d064a7d59cec2c,BID,1.04230000,2025-05-01 14:40:12.446244,2025-05-01 14:40:12.446244,0.000000,ACTIVE
4bba173963a731df7cde808209fc1f49,BID,1.04990000,2025-05-01 14:40:12.446244,2025-05-01 14:40:12.446244,0.000000,ACTIVE
86ebc9c2d89a0c852128c117d52c7252,BID,0.95750000,2025-05-01 14:40:12.446244,2025-05-01 14:40:12.446244,0.000000,ACTIVE
c5d2c3cedb66cd3530ac8f133ed4d7f9,BID,1.03380000,2025-05-01 14:40:12.446244,2025-05-01 14:40:12.446244,0.000000,ACTIVE
aab1662b9a9365964e62eced04790956,BID,0.98390000,2025-05-01 14:40:12.446244,2025-05-01 14:40:12.446244,0.000000,ACTIVE
2b420b22cc8c5fa066c67c9472189674,BID,1.03730000,2025-05-01 14:40:12.446244,2025-05-01 14:40:12.446244,0.000000,ACTIVE
21cbcebde48550f93d3fa46b65ed4f77,BID,1.03290000,2025-05-01 14:40:12.446244,2025-05-01 14:40:12.446244,0.000000,ACTIVE
38feef20c4eca2e4748ccbcfabab59cc,BID,1.01110000,2025-05-01 14:40:12.446244,2025-05-01 14:40:12.446244,0.000000,ACTIVE
05be63b91628e736f7d0bf2639ea3e66,ASK,1.06990000,2025-05-01 14:40:12.446244,2025-05-01 14:40:12.446244,0.000000,ACTIVE
4143dba8d572652c5c03e37ec3f440ea,ASK,1.06590000,2025-05-01 14:40:12.446244,2025-05-01 14:40:12.446244,0.000000,ACTIVE
c30a0cdefbe8692f2c6234b859809b8f,BID,1.02850000,2025-05-01 14:40:12.446244,2025-05-01 14:40:12.446244,0.000000,ACTIVE
885db89287ba8b1f727c258a07a31371,BID,1.04470000,2025-05-01 14:40:12.446244,2025-05-01 14:40:12.446244,0.000000,ACTIVE
b164b41b1dc9e6d09efb1b3adc4d352e,BID,1.04870000,2025-05-01 14:40:12.446244,2025-05-01 14:40:12.446244,0.000000,ACTIVE
fe23b62c762aa158a05869e42af8c100,BID,0.99330000,2025-05-01 14:40:12.446244,2025-05-01 14:40:12.446244,0.000000,ACTIVE
51e399383c34cddaf1d9d22d086a8033,BID,0.97950000,2025-05-01 14:40:12.446244,2025-05-01 14:40:12.446244,0.000000,ACTIVE
efdf69458b607f8965b5d1bda0920415,BID,1.03360000,2025-05-01 14:40:12.446244,2025-05-01 14:40:12.446244,0.000000,ACTIVE
b60fdcdd7b63379af7d957caeebdd825,ASK,1.06600000,2025-05-01 14:40:12.446244,2025-05-01 14:40:12.446244,0.000000,ACTIVE
c4b3b81e281491f014fc0b556019c110,BID,1.05220000,2025-05-01 14:40:12.446244,2025-05-01 14:40:12.446244,0.000000,ACTIVE
91f60882bb1e691c3e200792ba24c4a8,BID,1.02760000,2025-05-01 14:40:12.446244,2025-05-01 14:40:12.446244,0.000000,ACTIVE
c987151fd9f8bbc7743259912346565b,ASK,1.06900000,2025-05-01 14:40:12.446244,2025-05-01 14:40:12.446244,0.000000,ACTIVE
77767b57c46f9c63c534b05fe97bcf55,BID,1.05400000,2025-05-01 14:40:12.446244,2025-05-01 14:40:12.446244,0.000000,ACTIVE
370f0c6370f86fd6f72d11ff1d3ed313,ASK,1.06650000,2025-05-01 14:40:12.446244,2025-05-01 14:40:12.446244,0.000000,ACTIVE
c7658638b83b9e4cd28f21725fef766d,BID,1.03800000,2025-05-01 14:40:12.446244,2025-05-01 14:40:12.446244,0.000000,ACTIVE
5cdda50c9ed1821943b1b474e65c7fa2,BID,1.04700000,2025-05-01 14:40:12.446244,2025-05-01 14:40:12.446244,0.000000,ACTIVE
c08c70ff90f5e94dbc44a10fd0de6f13,ASK,1.06580000,2025-05-01 14:40:12.446244,2025-05-01 14:40:12.446244,0.000000,ACTIVE
57435236e752afc3c936ba95320e9f7d,BID,1.02340000,2025-05-01 14:40:12.446244,2025-05-01 14:40:12.446244,0.000000,ACTIVE
0b4f0c94c35271671acef46642981a49,BID,1.06420000,2025-05-01 14:40:10.083848,2025-05-01 14:40:10.083848,0.000000,ACTIVE
4b1e19195369428e980e1c82a0b82974,ASK,1.07430000,2025-05-01 14:40:10.083848,2025-05-01 14:40:12.446244,2.362396,ACTIVE
e4c97c617dac56df4c6f3918d4832783,BID,1.06410000,2025-05-01 14:40:10.083848,2025-05-01 14:40:10.083848,0.000000,ACTIVE
9adaf446a7d557c98607805d50b711ae,BID,1.06390000,2025-05-01 14:40:10.083848,2025-05-01 14:40:10.083848,0.000000,ACTIVE
3fcb92bd4ae24ccab6c54f79642f29d5,BID,1.06400000,2025-05-01 14:40:10.083848,2025-05-01 14:40:10.083848,0.000000,ACTIVE
e84e5f4f3c6e6910dc48e5b766e75f18,BID,1.05780000,2025-05-01 14:40:10.083848,2025-05-01 14:40:10.083848,0.000000,ACTIVE
c95b821e9a07c50efbd88243ab30d941,ASK,1.07180000,2025-05-01 14:40:10.083848,2025-05-01 14:40:10.083848,0.000000,ACTIVE
78ba144f60ae99e0e0075b06f73e83a9,ASK,1.06860000,2025-05-01 14:40:10.083848,2025-05-01 14:40:10.083848,0.000000,ACTIVE
ea2126979069376455e542977fc2bf89,ASK,1.06430000,2025-05-01 14:40:09.347847,2025-05-01 14:40:12.446244,3.098397,CANCELED
3e3a7826c9183bb69f0279a9eb9c50c1,BID,1.05660000,2025-05-01 14:40:09.347847,2025-05-01 14:40:09.347847,0.000000,ACTIVE
f5b39f145ecf953dc658d4f119d03d61,BID,1.06360000,2025-05-01 14:40:09.347847,2025-05-01 14:40:09.347847,0.000000,ACTIVE
ab006bd04b262ccefb354c539efd159c,ASK,1.06970000,2025-05-01 14:40:09.347847,2025-05-01 14:40:09.347847,0.000000,ACTIVE
21da91de79de369db496ab011c54f9fd,ASK,1.06660000,2025-05-01 14:40:09.347847,2025-05-01 14:40:09.347847,0.000000,ACTIVE
604f147514c8fc336a92aa7d26bfc8fd,ASK,1.06450000,2025-05-01 14:40:09.347847,2025-05-01 14:40:09.347847,0.000000,ACTIVE
88f14d52158639aa05d336dc07737529,ASK,1.06540000,2025-05-01 14:40:09.347847,2025-05-01 14:40:09.347847,0.000000,ACTIVE
c3a60a2e2194f5f09ed850cc834b3f55,ASK,1.06440000,2025-05-01 14:40:09.347847,2025-05-01 14:40:12.446244,3.098397,CANCELED
b2e350157477f8f060ff82e039f785f9,BID,1.05980000,2025-05-01 14:40:09.347847,2025-05-01 14:40:12.446244,3.098397,ACTIVE
3668baa555bb9b27bfcb58bfa0d5bf8f,ASK,1.06680000,2025-05-01 14:40:08.186584,2025-05-01 14:40:08.186584,0.000000,ACTIVE
658929d4f71a0aa971b164394a5f66a0,BID,1.06380000,2025-05-01 14:40:08.186584,2025-05-01 14:40:08.186584,0.000000,ACTIVE
bdb16a8d83c8aed6c603a29e55e0aafc,ASK,1.07180000,2025-05-01 14:40:08.186584,2025-05-01 14:40:08.186584,0.000000,ACTIVE
7506efed96a6aad2980afb33cdbf3cd9,BID,1.05530000,2025-05-01 14:40:08.186584,2025-05-01 14:40:08.186584,0.000000,ACTIVE
26fa00dfca93f2e2dc9ce50e13c133a5,ASK,1.06860000,2025-05-01 14:40:08.186584,2025-05-01 14:40:08.186584,0.000000,ACTIVE
c87e65b5c6dc4a43652d42166777776d,ASK,1.07430000,2025-05-01 14:40:08.186584,2025-05-01 14:40:12.446244,4.259660,CANCELED
e0e8c31ec3dd0679c01755d56f50d609,ASK,1.06460000,2025-05-01 14:40:08.186584,2025-05-01 14:40:12.446244,4.259660,ACTIVE
1892a97e0937c602034686b6cd63a542,ASK,1.06570000,2025-05-01 14:40:08.186584,2025-05-01 14:40:08.186584,0.000000,ACTIVE
9963599b243373b611addd044d8ffaf5,BID,1.05810000,2025-05-01 14:40:08.186584,2025-05-01 14:40:12.446244,4.259660,ACTIVE
7cf5b990fb5972ef1077e776e5293ca5,BID,1.06410000,2025-05-01 14:40:08.186584,2025-05-01 14:40:08.186584,0.000000,ACTIVE
e4c5fa4e07c88b8c116607fceaae8884,ASK,1.06490000,2025-05-01 14:40:08.186584,2025-05-01 14:40:08.186584,0.000000,ACTIVE
e1ad92b9509327deb14b839eab2bf1cc,BID,1.05520000,2025-05-01 14:40:07.238757,2025-05-01 14:40:10.083848,2.845091,ACTIVE
71f15e65a532f252c1f5b6b80c789e62,ASK,1.06430000,2025-05-01 14:40:07.238757,2025-05-01 14:40:12.446244,5.207487,CANCELED
43094e9c479e021074debf5c35adb164,BID,1.05660000,2025-05-01 14:40:07.238757,2025-05-01 14:40:07.238757,0.000000,ACTIVE
7d41b86308a7d2db0417dcfa284b4f56,ASK,1.06670000,2025-05-01 14:40:07.238757,2025-05-01 14:40:07.238757,0.000000,ACTIVE
d94c8d9447bbc324f92766cf7b00850d,BID,1.05500000,2025-05-01 14:40:07.238757,2025-05-01 14:40:07.238757,0.000000,ACTIVE
c9b8dbebe62648e0e7f5c42a5ca90290,BID,1.06410000,2025-05-01 14:40:07.238757,2025-05-01 14:40:07.238757,0.000000,ACTIVE
e502f50518d2d7cae2f56a1addfc3514,BID,1.06400000,2025-05-01 14:40:07.238757,2025-05-01 14:40:07.238757,0.000000,ACTIVE
b6948174b0ee1b81b9c87ce924c994f7,BID,1.05980000,2025-05-01 14:40:07.238757,2025-05-01 14:40:12.446244,5.207487,CANCELED
c501986110c0cac2a9664da6803ac486,ASK,1.06450000,2025-05-01 14:40:07.238757,2025-05-01 14:40:07.238757,0.000000,ACTIVE
5f54de6d6c270828b932621681ff9e42,BID,1.05740000,2025-05-01 14:40:06.027795,2025-05-01 14:40:12.446244,6.418449,ACTIVE
e3efc61c195b6d70d37d5c4882a944a0,ASK,1.07100000,2025-05-01 14:40:06.027795,2025-05-01 14:40:12.446244,6.418449,ACTIVE
ac7674cb34caefd610fb2b80def07d5e,ASK,1.07180000,2025-05-01 14:40:06.027795,2025-05-01 14:40:06.027795,0.000000,ACTIVE
695447c3ff9e104e6f75ab9a18b82e7c,ASK,1.06510000,2025-05-01 14:40:06.027795,2025-05-01 14:40:06.027795,0.000000,ACTIVE
5f7d1c8e67e72da498f7469e3b0d3eaa,ASK,1.07420000,2025-05-01 14:40:06.027795,2025-05-01 14:40:12.446244,6.418449,ACTIVE
806133b8d044084b778e3dc753417e14,ASK,1.06490000,2025-05-01 14:40:06.027795,2025-05-01 14:40:06.027795,0.000000,ACTIVE
0b818b9123213fc057452d091b41eb57,ASK,1.06440000,2025-05-01 14:40:06.027795,2025-05-01 14:40:12.446244,6.418449,CANCELED
a5ed27f1786916e12bbdaeeec62a2e20,BID,1.05410000,2025-05-01 14:40:06.027795,2025-05-01 14:40:06.027795,0.000000,ACTIVE
e2b9e76244eee4e13b5a1b6c19f42caa,ASK,1.06450000,2025-05-01 14:40:06.027795,2025-05-01 14:40:06.027795,0.000000,ACTIVE
950b9cdf5fec3513788b7dfee9287603,BID,1.06360000,2025-05-01 14:40:06.027795,2025-05-01 14:40:06.027795,0.000000,ACTIVE
b489e63e8c458e6e91830f65c6827a59,BID,1.06130000,2025-05-01 14:40:06.027795,2025-05-01 14:40:06.027795,0.000000,ACTIVE
1bc68708cd1d085850d59ba39c8b8669,BID,1.05830000,2025-05-01 14:40:06.027795,2025-05-01 14:40:07.238757,1.210962,ACTIVE
da8ebaf52da781aeee67bfff2d85a1f1,ASK,1.06430000,2025-05-01 14:40:06.027795,2025-05-01 14:40:12.446244,6.418449,CANCELED
578890e0f0ace131b4d353d1ef436117,ASK,1.06460000,2025-05-01 14:40:06.027795,2025-05-01 14:40:12.446244,6.418449,CANCELED
e2c7b00b8d4add61d0a2c4d3ba4cb8a3,BID,1.05810000,2025-05-01 14:40:05.779878,2025-05-01 14:40:12.446244,6.666366,CANCELED
f25ce172dc38f7c127adc4bc7e579d65,BID,1.05800000,2025-05-01 14:40:05.779878,2025-05-01 14:40:05.779878,0.000000,ACTIVE
62624ebb03ce9ee223f6aec16fc163ca,ASK,1.10160000,2025-05-01 14:40:05.247118,2025-05-01 14:40:05.247118,0.000000,ACTIVE
dabecf2b145dbeaa1b52c26374987cf9,ASK,1.07120000,2025-05-01 14:40:05.247118,2025-05-01 14:40:05.247118,0.000000,ACTIVE
244ed72c1feb2492b18f326673017c0f,ASK,1.06500000,2025-05-01 14:40:05.247118,2025-05-01 14:40:05.247118,0.000000,ACTIVE
68ff6c779fb1e83661a64fc3447ddd57,BID,1.06300000,2025-05-01 14:40:05.247118,2025-05-01 14:40:05.247118,0.000000,ACTIVE
68f9c2e3518182176253e0a74efcd303,BID,1.05860000,2025-05-01 14:40:05.247118,2025-05-01 14:40:12.446244,7.199126,ACTIVE
1718ffc62795a1a754239cc56f8317da,BID,1.05870000,2025-05-01 14:40:05.247118,2025-05-01 14:40:05.247118,0.000000,ACTIVE
b83fc357e278543d6d7d9d79d33d8120,BID,1.06280000,2025-05-01 14:40:05.247118,2025-05-01 14:40:05.247118,0.000000,ACTIVE
bba9fe43d55a92423ac309ebc3429891,ASK,1.11760000,2025-05-01 14:40:05.247118,2025-05-01 14:40:05.247118,0.000000,ACTIVE
8f83b8026303c27c9b71293476315bc9,ASK,1.06530000,2025-05-01 14:40:05.247118,2025-05-01 14:40:05.247118,0.000000,ACTIVE
d0bae9035c0fa6652a077e57751a724b,ASK,1.13890000,2025-05-01 14:40:05.247118,2025-05-01 14:40:05.247118,0.000000,ACTIVE
21e02c2b9330b4ba91e2cab746ea2abe,ASK,1.06980000,2025-05-01 14:40:05.247118,2025-05-01 14:40:12.446244,7.199126,ACTIVE
1714d72020a7eccce4a2c9e3b06dc343,ASK,1.06440000,2025-05-01 14:40:04.852122,2025-05-01 14:40:07.238757,2.386635,CANCELED
5aafc9181b425da58f54ca6619201320,ASK,1.07870000,2025-05-01 14:40:04.852122,2025-05-01 14:40:12.446244,7.594122,ACTIVE
6cd4c3bd9625a1371902bfbe9ebd6d42,ASK,1.06680000,2025-05-01 14:40:04.852122,2025-05-01 14:40:04.852122,0.000000,ACTIVE
0762bca811832070906dd46feec255d0,ASK,1.06450000,2025-05-01 14:40:04.852122,2025-05-01 14:40:04.852122,0.000000,ACTIVE
c531912545e3bb2ea430bcf5a079e1b6,ASK,1.06540000,2025-05-01 14:40:04.766904,2025-05-01 14:40:04.766904,0.000000,ACTIVE
1515d3ceccbe3936dd6752e3757d10c5,ASK,1.06490000,2025-05-01 14:40:04.766904,2025-05-01 14:40:04.766904,0.000000,ACTIVE
e1eefd0e29832758376d19a586578b9e,ASK,1.06550000,2025-05-01 14:40:04.766904,2025-05-01 14:40:04.766904,0.000000,ACTIVE
a55639ff82eb213c5cf67aa548982ff2,BID,1.05750000,2025-05-01 14:40:03.805592,2025-05-01 14:40:05.247118,1.441526,ACTIVE
49223cf9b74feb135cb300aaa109c2e0,ASK,1.06480000,2025-05-01 14:40:03.805592,2025-05-01 14:40:03.805592,0.000000,ACTIVE
0cd2015e2f912d42a299dfc97ade638d,ASK,1.17080000,2025-05-01 14:40:03.805592,2025-05-01 14:40:03.805592,0.000000,ACTIVE
b6865b5c13d6df3ee0ab73540c92d32d,ASK,1.14950000,2025-05-01 14:40:03.805592,2025-05-01 14:40:03.805592,0.000000,ACTIVE
6eb793b1129ce823709e22c615f4867d,ASK,1.19210000,2025-05-01 14:40:03.805592,2025-05-01 14:40:03.805592,0.000000,ACTIVE
f683967544538a575611a36f7c4b8fca,ASK,1.09630000,2025-05-01 14:40:03.805592,2025-05-01 14:40:03.805592,0.000000,ACTIVE
568d9d25b250d24017f19fdbca73d95c,ASK,1.06460000,2025-05-01 14:40:03.805592,2025-05-01 14:40:12.446244,8.640652,CANCELED
143fd281b35497f06ab2851cc54e22cd,ASK,1.06510000,2025-05-01 14:40:03.805592,2025-05-01 14:40:03.805592,0.000000,ACTIVE
a8030633546df20ef5efeeddf05b14a4,BID,1.05530000,2025-05-01 14:40:03.805592,2025-05-01 14:40:07.238757,3.433165,ACTIVE
9e81709d71020ce6f3ac796fffdc5387,BID,1.05740000,2025-05-01 14:40:03.805592,2025-05-01 14:40:12.446244,8.640652,CANCELED
5b713cc1021336f4a450726b5f094869,ASK,1.06720000,2025-05-01 14:40:03.805592,2025-05-01 14:40:03.805592,0.000000,ACTIVE
041a5fa154757c4343717bd47e538727,BID,1.06420000,2025-05-01 14:40:03.805592,2025-05-01 14:40:03.805592,0.000000,ACTIVE
48d2ca7b901d0083cea2d2424e2b1b53,ASK,1.06440000,2025-05-01 14:40:03.805592,2025-05-01 14:40:07.238757,3.433165,CANCELED
a1da28f988a720acab229ab773549f8d,ASK,1.06430000,2025-05-01 14:40:03.805592,2025-05-01 14:40:08.186584,4.380992,CANCELED
c497db921eaa7eca8aa315344458580f,ASK,1.06560000,2025-05-01 14:40:02.194093,2025-05-01 14:40:02.194093,0.000000,ACTIVE
d6c798739bcc275741e52bc1de893c8f,ASK,1.07180000,2025-05-01 14:40:02.194093,2025-05-01 14:40:02.194093,0.000000,ACTIVE
f2477dcb6de97f8289b5530e8d10750c,ASK,1.06710000,2025-05-01 14:40:02.194093,2025-05-01 14:40:02.194093,0.000000,ACTIVE
e1d8a83e40cca0447da78e1a19e1a26d,ASK,1.07080000,2025-05-01 14:40:02.194093,2025-05-01 14:40:12.446244,10.252151,ACTIVE
c21688749c94d641b6bca6de731df913,ASK,1.06860000,2025-05-01 14:40:02.194093,2025-05-01 14:40:02.194093,0.000000,ACTIVE
d136c9566c28e27334b895083df10ff0,ASK,1.07420000,2025-05-01 14:40:02.194093,2025-05-01 14:40:12.446244,10.252151,CANCELED
20d4e057b49e242d591e97d91401b10b,BID,1.06390000,2025-05-01 14:40:02.194093,2025-05-01 14:40:02.194093,0.000000,ACTIVE
07abb9678e473b49b9e960e4c7e65751,ASK,1.06480000,2025-05-01 14:40:02.194093,2025-05-01 14:40:02.194093,0.000000,ACTIVE
9d98eccd5744cc081f7c666cf5076b48,BID,1.06410000,2025-05-01 14:40:02.194093,2025-05-01 14:40:09.347847,7.153754,ACTIVE
90e9ca6f8ea1233144bef7e390c09054,BID,1.03890000,2025-05-01 14:40:02.194093,2025-05-01 14:40:02.194093,0.000000,ACTIVE
fe8eb344758a26ffc4c78491f48bff42,BID,0.74500000,2025-05-01 14:40:02.194093,2025-05-01 14:40:12.446244,10.252151,CANCELED
b14b25582e68ad948e078e146d281294,BID,1.02150000,2025-05-01 14:40:02.194093,2025-05-01 14:40:02.194093,0.000000,ACTIVE
0289bcebbedaaf67245089ae1e87d523,BID,1.06260000,2025-05-01 14:40:02.194093,2025-05-01 14:40:02.194093,0.000000,ACTIVE
1f8efacdc5401903b7185fdfc2e4128f,BID,1.05730000,2025-05-01 14:40:02.194093,2025-05-01 14:40:02.194093,0.000000,ACTIVE
b3c6612802cdeb0f9cfb367963c1e4d3,ASK,1.06810000,2025-05-01 14:40:02.194093,2025-05-01 14:40:12.446244,10.252151,ACTIVE
f4c4b396fe837b5d18a073f8952f1c29,BID,1.06400000,2025-05-01 14:40:02.194093,2025-05-01 14:40:08.186584,5.992491,ACTIVE
48b899d2ce194bb6b76c83cb2af2e0c8,BID,1.06420000,2025-05-01 14:40:02.194093,2025-05-01 14:40:02.194093,0.000000,ACTIVE
8bfafb8889656359958dfd05b9281e82,BID,1.06230000,2025-05-01 14:40:01.912450,2025-05-01 14:40:01.912450,0.000000,ACTIVE
7bd28b960dda14db99e0b88c2ac05c34,BID,1.06360000,2025-05-01 14:40:01.912450,2025-05-01 14:40:01.912450,0.000000,ACTIVE
a9c5c8bb17a0bf0bc55358c7b8574390,BID,1.06410000,2025-05-01 14:40:01.912450,2025-05-01 14:40:03.805592,1.893142,CANCELED
9303074728a07489381498acf5744981,ASK,1.06570000,2025-05-01 14:40:01.912450,2025-05-01 14:40:01.912450,0.000000,ACTIVE
eed36b84e98f78b8dbf4f214303720f1,ASK,1.06420000,2025-05-01 14:40:01.912450,2025-05-01 14:40:12.446244,10.533794,CANCELED
aac559275368010f6765b2f6c2adeefc,ASK,1.06420000,2025-05-01 14:40:01.002366,2025-05-01 14:40:12.446244,11.443878,CANCELED
3b5afc681e6750bf2bb9059bd0541247,BID,1.06000000,2025-05-01 14:40:01.002366,2025-05-01 14:40:01.002366,0.000000,ACTIVE
f155941b2caac1a73dd16fd11d233032,ASK,1.06430000,2025-05-01 14:40:01.002366,2025-05-01 14:40:08.186584,7.184218,CANCELED
b379b7bbf9f112ba09d81634c5762532,ASK,1.06530000,2025-05-01 14:40:01.002366,2025-05-01 14:40:01.002366,0.000000,ACTIVE
3982f6472f65e476d469e0d8059649f6,BID,1.05660000,2025-05-01 14:40:01.002366,2025-05-01 14:40:01.002366,0.000000,ACTIVE
4651fd1c9cc890388a60fde335d791d0,ASK,1.06670000,2025-05-01 14:40:01.002366,2025-05-01 14:40:01.002366,0.000000,ACTIVE
52ba3fb391a2571597b5f10ef3af6ac5,ASK,1.06440000,2025-05-01 14:40:01.002366,2025-05-01 14:40:07.238757,6.236391,CANCELED
4af419f4099ead034e5e9bc57522ad64,BID,1.05860000,2025-05-01 14:40:01.002366,2025-05-01 14:40:12.446244,11.443878,CANCELED
ffc1e6b078520f1b17dba9f3a8b08b72,BID,1.05770000,2025-05-01 14:40:01.002366,2025-05-01 14:40:01.002366,0.000000,ACTIVE
cd140cf680b039f8eecaa2108811336d,BID,1.05980000,2025-05-01 14:40:01.002366,2025-05-01 14:40:12.446244,11.443878,CANCELED
b0f19d68e55ae073c2f2ab9a3b41906d,BID,1.05520000,2025-05-01 14:40:01.002366,2025-05-01 14:40:08.186584,7.184218,CANCELED
c018f2f4fb8f825cc5d5e261a3b72460,BID,1.06380000,2025-05-01 14:40:01.002366,2025-05-01 14:40:01.002366,0.000000,ACTIVE
a9cfe22b2d31df3f36072d5f3235778b,BID,1.06350000,2025-05-01 14:40:01.002366,2025-05-01 14:40:01.002366,0.000000,ACTIVE
fe615bf7b5593aeeb5bf08bb4c81956e,ASK,1.06490000,2025-05-01 14:40:00.745902,2025-05-01 14:40:00.745902,0.000000,ACTIVE
d8fae88fc27805db0cbf79ae68919e8e,ASK,1.06470000,2025-05-01 14:40:00.745902,2025-05-01 14:40:00.745902,0.000000,ACTIVE
e98bd3d7627f6a3d333f7fd78152ca6b,ASK,1.06450000,2025-05-01 14:40:00.471013,2025-05-01 14:40:12.446244,11.975231,ACTIVE
56a51af43f3e8787b34859f253d77570,ASK,1.06440000,2025-05-01 14:40:00.471013,2025-05-01 14:40:02.194093,1.723080,CANCELED
748d80edc95bd700cbfb53bc935b5bc8,ASK,1.06460000,2025-05-01 14:40:00.471013,2025-05-01 14:40:12.446244,11.975231,CANCELED
f1253b3455f06a271eb3f230dceae093,BID,1.05810000,2025-05-01 14:40:00.471013,2025-05-01 14:40:06.027795,5.556782,CANCELED
60c6a90eb98a3b173f2b8e058f2a7552,ASK,1.06520000,2025-05-01 14:40:00.471013,2025-05-01 14:40:00.471013,0.000000,ACTIVE
e08c737108a979258f8dedb221e2efd8,BID,1.06390000,2025-05-01 14:40:00.471013,2025-05-01 14:40:08.186584,7.715571,ACTIVE
cbf41a0a4d99098542caeaa301eccfd2,BID,1.06280000,2025-05-01 14:40:00.471013,2025-05-01 14:40:00.471013,0.000000,ACTIVE
44e5cf4da27c8095f51755842c550b7c,ASK,1.06510000,2025-05-01 14:40:00.471013,2025-05-01 14:40:00.471013,0.000000,ACTIVE
426935d28fba07e5244d5b0f5a193861,BID,1.06270000,2025-05-01 14:40:00.471013,2025-05-01 14:40:00.471013,0.000000,ACTIVE
0c0fa74b2e7fef31187770e735ca14f2,BID,1.05790000,2025-05-01 14:40:00.471013,2025-05-01 14:40:00.471013,0.000000,ACTIVE
3d63b966b5b1a01742917c1d3639e092,BID,1.06260000,2025-05-01 14:40:00.471013,2025-05-01 14:40:00.471013,0.000000,ACTIVE
329a2fb7172fa055996ff1d2fea12185,ASK,1.06480000,2025-05-01 14:40:00.097985,2025-05-01 14:40:00.097985,0.000000,ACTIVE
eba300f9dc2526b8bdc7becc289769c8,ASK,1.19200000,2025-05-01 14:40:00.097985,2025-05-01 14:40:00.097985,0.000000,ACTIVE
f616f688c80baecaa2622205020ad091,BID,0.93650000,2025-05-01 14:40:00.097985,2025-05-01 14:40:12.446244,12.348259,CANCELED
d266a59606b5a573cd75f1679c639412,ASK,1.06790000,2025-05-01 14:40:00.097985,2025-05-01 14:40:00.097985,0.000000,ACTIVE
dec8a70e6cb5082e798fff8c8afd0f67,BID,1.05800000,2025-05-01 14:40:00.097985,2025-05-01 14:40:12.446244,12.348259,ACTIVE
fd41ac0e5f21cecbedcdf83e7a30ecf9,ASK,1.06660000,2025-05-01 14:40:00.097985,2025-05-01 14:40:00.097985,0.000000,ACTIVE
2c312f898445a68f76d2ea07eab34420,ASK,1.06550000,2025-05-01 14:40:00.097985,2025-05-01 14:40:00.097985,0.000000,ACTIVE
2c0373fdbdeaaf76519b06ac9e201e79,BID,1.06070000,2025-05-01 14:40:00.097985,2025-05-01 14:40:00.097985,0.000000,ACTIVE
510cc61f77031f703bc58882dfb639fb,BID,1.06420000,2025-05-01 14:40:00.097985,2025-05-01 14:40:08.186584,8.088599,ACTIVE
f39b0e3675e92803ed694829bf61f8bd,BID,1.05890000,2025-05-01 14:40:00.097985,2025-05-01 14:40:00.097985,0.000000,ACTIVE
250289a832314bddfadcb685ba0074e3,BID,0.93650000,2025-05-01 14:39:59.807228,2025-05-01 14:40:12.446244,12.639016,CANCELED
f79a4075b7f2050f33e0a05e98f84b15,BID,1.05530000,2025-05-01 14:39:59.807228,2025-05-01 14:40:07.238757,7.431529,CANCELED
d4ecb707d749b3a951ab3eb232ddf2a3,BID,1.06300000,2025-05-01 14:39:59.807228,2025-05-01 14:39:59.807228,0.000000,ACTIVE
eddbe9ee5a59a215b4008b47552d5a9e,ASK,1.06490000,2025-05-01 14:39:59.807228,2025-05-01 14:39:59.807228,0.000000,ACTIVE
dd8b0037dbfa6f42b55f2f026e9cd6c6,ASK,1.06980000,2025-05-01 14:39:59.807228,2025-05-01 14:40:06.027795,6.220567,CANCELED
95a0cd39a8719bcdd56413f74c774eb8,BID,1.05810000,2025-05-01 14:39:59.807228,2025-05-01 14:40:00.745902,0.938674,CANCELED
9ce310e3b696787718acb8ede14d422c,BID,1.05840000,2025-05-01 14:39:59.807228,2025-05-01 14:40:01.002366,1.195138,ACTIVE
a9658c574d7b8ce4509d2b20745cc637,ASK,1.06480000,2025-05-01 14:39:59.627877,2025-05-01 14:39:59.627877,0.000000,ACTIVE
7b570395a854a3aa382721de6f0543c5,ASK,1.06680000,2025-05-01 14:39:59.627877,2025-05-01 14:39:59.627877,0.000000,ACTIVE
76dd6a278aa9f6dd962620db9283f3b1,ASK,1.06540000,2025-05-01 14:39:59.627877,2025-05-01 14:39:59.627877,0.000000,ACTIVE
e16ed788d6e5d7c4814c27da68df57ee,ASK,1.06470000,2025-05-01 14:39:59.627877,2025-05-01 14:39:59.627877,0.000000,ACTIVE
5b822d220465e15a329772c80febfb6b,BID,1.05520000,2025-05-01 14:39:59.627877,2025-05-01 14:40:03.805592,4.177715,CANCELED
08f6a9abd55e44d68fc98f26486311fd,BID,1.05800000,2025-05-01 14:39:59.627877,2025-05-01 14:40:00.471013,0.843136,CANCELED
73c43027ff6d643cc3ce1de729675f92,BID,1.05880000,2025-05-01 14:39:59.368654,2025-05-01 14:39:59.368654,0.000000,ACTIVE
a12830696920024eb6937a99d747daba,ASK,1.06430000,2025-05-01 14:39:59.368654,2025-05-01 14:40:02.194093,2.825439,CANCELED
4f50fc5d46063804b71890e037068d5b,ASK,1.06480000,2025-05-01 14:39:59.368654,2025-05-01 14:39:59.368654,0.000000,ACTIVE
ec65e9813442c2ac7307c084831556a6,ASK,1.06520000,2025-05-01 14:39:59.368654,2025-05-01 14:39:59.368654,0.000000,ACTIVE
d2941edd19e7edd1db2f3e7921347fe8,ASK,1.06490000,2025-05-01 14:39:59.368654,2025-05-01 14:39:59.368654,0.000000,ACTIVE
d0ce77a9d78bb28bb3e793573854f4ea,ASK,1.06450000,2025-05-01 14:39:59.368654,2025-05-01 14:40:08.186584,8.817930,CANCELED
4f4af512dc7ec33754303c4e8c099fcb,BID,1.05810000,2025-05-01 14:39:59.368654,2025-05-01 14:40:00.745902,1.377248,CANCELED
437a3b836659dbde4b163632b161b177,ASK,1.06490000,2025-05-01 14:39:59.055715,2025-05-01 14:39:59.055715,0.000000,ACTIVE
ae4976b5741bd9778f29cf62603ef69e,ASK,1.06430000,2025-05-01 14:39:59.055715,2025-05-01 14:40:02.194093,3.138378,CANCELED
4c5835d6e2c885dd873326f1241d9e26,ASK,1.06440000,2025-05-01 14:39:59.055715,2025-05-01 14:40:02.194093,3.138378,CANCELED
f3ec82fb9fade2470ee334b6cbdf4ad0,ASK,1.06540000,2025-05-01 14:39:59.055715,2025-05-01 14:39:59.055715,0.000000,ACTIVE
84489448be4607126eb238b6fdeb707a,BID,0.85140000,2025-05-01 14:39:59.055715,2025-05-01 14:40:12.446244,13.390529,CANCELED
81d001ad8a1d98cfcdf56367b48c5f54,ASK,1.06450000,2025-05-01 14:39:59.055715,2025-05-01 14:40:08.186584,9.130869,CANCELED
f863c5aefcb04b1a658280cb963ba86d,ASK,1.06510000,2025-05-01 14:39:59.055715,2025-05-01 14:40:12.446244,13.390529,ACTIVE
4ecef13ebeed9002f4df6d8afb0e5703,BID,1.06260000,2025-05-01 14:39:58.775817,2025-05-01 14:39:58.775817,0.000000,ACTIVE
3abea456354db297c642a268297355a9,ASK,1.06470000,2025-05-01 14:39:58.775817,2025-05-01 14:39:58.775817,0.000000,ACTIVE
08607519db87bed91bcc2daedca3e920,BID,1.06420000,2025-05-01 14:39:58.524253,2025-05-01 14:40:08.186584,9.662331,CANCELED
689a733f54f9b567d02b646aaa4ab5a3,BID,1.05730000,2025-05-01 14:39:58.280216,2025-05-01 14:39:58.280216,0.000000,ACTIVE
b2dc6197d7e5af2a89a138cc6e11f1ed,BID,1.06420000,2025-05-01 14:39:58.280216,2025-05-01 14:40:08.186584,9.906368,CANCELED
29e1008a78f475b2ea799fce0190c070,ASK,1.06510000,2025-05-01 14:39:58.096300,2025-05-01 14:40:12.446244,14.349944,CANCELED
ac9bfa1ec5179dcb9c400b46c1b01ef3,BID,1.05870000,2025-05-01 14:39:58.096300,2025-05-01 14:40:12.446244,14.349944,ACTIVE
1b99075ebd1e1951489e3d53e36f3167,BID,0.85140000,2025-05-01 14:39:58.096300,2025-05-01 14:39:59.368654,1.272354,CANCELED
1a818987282622b7ae625311eec104b6,ASK,1.06450000,2025-05-01 14:39:58.096300,2025-05-01 14:40:02.194093,4.097793,CANCELED
fb8737b78ce9b09f6ac9b2a588ecb3ef,BID,0.93650000,2025-05-01 14:39:57.969539,2025-05-01 14:40:12.446244,14.476705,CANCELED
acad739edda60560f0b3ec8e080c9b57,BID,1.05510000,2025-05-01 14:39:57.842445,2025-05-01 14:39:57.842445,0.000000,ACTIVE
0138415b6abb20d799030197361db5eb,BID,0.93650000,2025-05-01 14:39:57.842445,2025-05-01 14:40:12.446244,14.603799,CANCELED
3571f36d58914cbafc9e29f5e32853e8,BID,1.06360000,2025-05-01 14:39:57.631504,2025-05-01 14:39:57.631504,0.000000,ACTIVE
b7e8b6ba98a329d28ef317a9ea8848a3,BID,1.03440000,2025-05-01 14:39:57.631504,2025-05-01 14:39:57.631504,0.000000,ACTIVE
6f1241dc88851cbceb0aecf05e7a879f,BID,1.06370000,2025-05-01 14:39:57.631504,2025-05-01 14:39:57.631504,0.000000,ACTIVE
0181969c4df752f0b608398c84dd0cf0,ASK,1.06980000,2025-05-01 14:39:57.337465,2025-05-01 14:40:04.852122,7.514657,CANCELED
287e3ac741fcfacaab15c1adffc8acfd,BID,1.05860000,2025-05-01 14:39:57.337465,2025-05-01 14:40:04.852122,7.514657,CANCELED
351e555cb819f3c5e5d0546017ea34ee,ASK,1.06480000,2025-05-01 14:39:57.337465,2025-05-01 14:39:57.337465,0.000000,ACTIVE
c50077d4d5eff7da362ee1c3c04f3727,ASK,1.06970000,2025-05-01 14:39:57.337465,2025-05-01 14:40:12.446244,15.108779,ACTIVE
3909ff0f7ae49c220dc5d89b15768558,BID,1.05800000,2025-05-01 14:39:57.337465,2025-05-01 14:40:00.471013,3.133548,CANCELED
7f0429ddced75926c32846fdd7cc5e8e,BID,1.06200000,2025-05-01 14:39:57.058115,2025-05-01 14:39:57.058115,0.000000,ACTIVE
017f1bbb6d67833467b0acd5c422e7f0,ASK,1.06690000,2025-05-01 14:39:57.058115,2025-05-01 14:39:57.058115,0.000000,ACTIVE
85ab824d689e73ac1322e030beeb2a6b,BID,1.06230000,2025-05-01 14:39:57.058115,2025-05-01 14:39:57.058115,0.000000,ACTIVE
acfbe9abfc15054749d3f7479cb4abef,BID,1.06420000,2025-05-01 14:39:57.058115,2025-05-01 14:40:08.186584,11.128469,CANCELED
43c62f66640fc7f30e3333d497312008,BID,1.06420000,2025-05-01 14:39:56.867714,2025-05-01 14:40:08.186584,11.318870,CANCELED
677351cde85048e9ea1de5619cdd2a60,BID,1.05860000,2025-05-01 14:39:56.716313,2025-05-01 14:39:59.807228,3.090915,CANCELED
57b66deaf6f01bb04261e2eb33faf25e,BID,1.06280000,2025-05-01 14:39:56.716313,2025-05-01 14:39:56.716313,0.000000,ACTIVE
c4a4ff2ac43943b3428b9f152c8cc556,ASK,1.06520000,2025-05-01 14:39:56.419317,2025-05-01 14:39:56.419317,0.000000,ACTIVE
73b67852874505f09293b4fd9bd543a5,BID,1.05850000,2025-05-01 14:39:56.419317,2025-05-01 14:39:56.419317,0.000000,ACTIVE
f154ce77df3165bef9dddd41ec89d7bd,ASK,1.06990000,2025-05-01 14:39:56.419317,2025-05-01 14:39:57.058115,0.638798,ACTIVE
7a47e6d8038895cb7f6cc393261d9645,ASK,1.06570000,2025-05-01 14:39:56.285476,2025-05-01 14:39:56.285476,0.000000,ACTIVE
bc27ed96848277f29ad163216b8f36e8,ASK,1.19200000,2025-05-01 14:39:56.285476,2025-05-01 14:39:56.285476,0.000000,ACTIVE
918ef0571c81ef7945c3dc5b852a8bef,BID,1.06300000,2025-05-01 14:39:56.285476,2025-05-01 14:39:56.285476,0.000000,ACTIVE
a31536d4e2b414957e12f4eb7481e1e8,ASK,1.07030000,2025-05-01 14:39:56.285476,2025-05-01 14:39:56.285476,0.000000,ACTIVE
8f93fe104c7cbd734dbaca68817f88c2,BID,1.06290000,2025-05-01 14:39:56.285476,2025-05-01 14:40:12.446244,16.160768,ACTIVE
a0ab4eccf4094c977b0104e0ba7d58d9,ASK,1.06580000,2025-05-01 14:39:56.214502,2025-05-01 14:39:56.214502,0.000000,ACTIVE
fcc8907df85ade80e62439e11ac4cff4,ASK,1.06540000,2025-05-01 14:39:56.214502,2025-05-01 14:39:56.214502,0.000000,ACTIVE
b4747c76307572ed9cd79adb8d90b257,BID,0.85140000,2025-05-01 14:39:56.027877,2025-05-01 14:39:58.280216,2.252339,CANCELED
b40b89adcae0b52f8360f499bbde0bbe,ASK,1.06490000,2025-05-01 14:39:56.027877,2025-05-01 14:39:56.027877,0.000000,ACTIVE
7c54b98e30bec76cce58386456539a6a,BID,1.06160000,2025-05-01 14:39:56.027877,2025-05-01 14:39:56.027877,0.000000,ACTIVE
3aaef6ff1e5fe480114830925afccaa5,BID,1.06400000,2025-05-01 14:39:56.027877,2025-05-01 14:40:03.805592,7.777715,CANCELED
830ff490a724729dc9b8586ca44bc156,ASK,1.06500000,2025-05-01 14:39:56.027877,2025-05-01 14:39:56.027877,0.000000,ACTIVE
a87a67d6175174527a96a674a82e6bd8,ASK,1.06460000,2025-05-01 14:39:56.027877,2025-05-01 14:40:12.446244,16.418367,CANCELED
cfb20f9b0c3df3cedb99afa515cd2353,ASK,1.06490000,2025-05-01 14:39:55.874321,2025-05-01 14:40:10.083848,14.209527,ACTIVE
da60c89a552bab81164b8507e5efdb79,BID,1.03440000,2025-05-01 14:39:55.874321,2025-05-01 14:39:55.874321,0.000000,ACTIVE
688eed1f24ecd72047862d2f639bc5ca,ASK,1.06990000,2025-05-01 14:39:55.874321,2025-05-01 14:39:57.058115,1.183794,CANCELED
0033b47edcbf2c5bc35d2f821d95ddee,ASK,1.06560000,2025-05-01 14:39:55.874321,2025-05-01 14:39:55.874321,0.000000,ACTIVE
427208580d56a64094cb2fbcbc8791cc,ASK,1.06580000,2025-05-01 14:39:55.874321,2025-05-01 14:39:55.874321,0.000000,ACTIVE
7567feab3f417c58403257ff3414a961,ASK,1.06510000,2025-05-01 14:39:55.874321,2025-05-01 14:40:12.446244,16.571923,CANCELED
95e939371a718d8a0d0f01f242a8ef72,ASK,1.06540000,2025-05-01 14:39:55.874321,2025-05-01 14:39:55.874321,0.000000,ACTIVE
583498b68c553873ab5ec4461c83ee68,ASK,1.06460000,2025-05-01 14:39:55.874321,2025-05-01 14:40:12.446244,16.571923,CANCELED
d2f9708e3f8a9eee7f642a6f475edadb,ASK,1.06450000,2025-05-01 14:39:55.874321,2025-05-01 14:40:02.194093,6.319772,CANCELED
6fe801b28ff60fbf9e739fa6463f072a,BID,1.03440000,2025-05-01 14:39:55.460982,2025-05-01 14:39:55.460982,0.000000,ACTIVE
dc5c51b839a0b7d7d2978cdedf8d5cbd,BID,1.05490000,2025-05-01 14:39:55.460982,2025-05-01 14:39:55.460982,0.000000,ACTIVE
e883e058e04c725aa1807900feeadd41,ASK,1.06470000,2025-05-01 14:39:55.460982,2025-05-01 14:39:55.460982,0.000000,ACTIVE
d46fa7ce5b49367c1579a759dbc68d76,ASK,1.06480000,2025-05-01 14:39:55.460982,2025-05-01 14:39:55.460982,0.000000,ACTIVE
27849af27eb46fbfd4dd63a21964862d,ASK,1.08800000,2025-05-01 14:39:55.460982,2025-05-01 14:39:55.460982,0.000000,ACTIVE
306e8ddd33f4ea85ce25776c408549d8,ASK,1.06570000,2025-05-01 14:39:55.460982,2025-05-01 14:39:55.460982,0.000000,ACTIVE
1c5eb773934feea392a9ec600451a657,BID,1.03440000,2025-05-01 14:39:55.295458,2025-05-01 14:39:55.295458,0.000000,ACTIVE
396156e27599f3c9e833204148dd12e5,ASK,1.06450000,2025-05-01 14:39:55.295458,2025-05-01 14:40:02.194093,6.898635,CANCELED
6029d779f05a3d8b5e9eafd1970f2500,BID,1.06410000,2025-05-01 14:39:55.177942,2025-05-01 14:40:03.805592,8.627650,CANCELED
52f26470586185acb2f7eebfd5566a57,ASK,1.06470000,2025-05-01 14:39:55.177942,2025-05-01 14:39:55.177942,0.000000,ACTIVE
9edab449435fc745e149e1ed2df297ca,ASK,1.06680000,2025-05-01 14:39:55.177942,2025-05-01 14:39:55.177942,0.000000,ACTIVE
c992b98961bf3661ea8b7576cb5e8c0f,BID,0.85140000,2025-05-01 14:39:55.177942,2025-05-01 14:39:56.214502,1.036560,CANCELED
27d64b15c4b286d1254b262070df069c,ASK,1.06460000,2025-05-01 14:39:55.177942,2025-05-01 14:40:12.446244,17.268302,CANCELED
30b3fcb5ffd8c2aeba74e8d3f065ec01,ASK,1.06510000,2025-05-01 14:39:55.177942,2025-05-01 14:40:12.446244,17.268302,CANCELED
c0f5899c5cc74ef9f971099498977f53,BID,1.05040000,2025-05-01 14:39:55.177942,2025-05-01 14:39:55.177942,0.000000,ACTIVE
9ddace815384d2f0cca738031347edeb,BID,1.04670000,2025-05-01 14:39:55.177942,2025-05-01 14:39:55.177942,0.000000,ACTIVE
334844c2efc274ad8c7da9fc1aa8a7a0,ASK,1.06540000,2025-05-01 14:39:55.177942,2025-05-01 14:39:55.177942,0.000000,ACTIVE
58f2e461bb2d2727ca4e7e1e79934bca,BID,1.05700000,2025-05-01 14:39:54.934240,2025-05-01 14:40:12.446244,17.512004,ACTIVE
1b2c17348ce96426f97ab01bbaba06ed,ASK,1.06460000,2025-05-01 14:39:54.934240,2025-05-01 14:40:12.446244,17.512004,CANCELED
4c169a44730ca5e956eb84099abf7421,ASK,1.06570000,2025-05-01 14:39:54.934240,2025-05-01 14:39:54.934240,0.000000,ACTIVE
358e73b9c3cee7b776382beaec22241b,ASK,1.08270000,2025-05-01 14:39:54.934240,2025-05-01 14:39:54.934240,0.000000,ACTIVE
8a997cde0c58d94174687564c0af31ed,BID,1.05790000,2025-05-01 14:39:54.460567,2025-05-01 14:39:54.460567,0.000000,ACTIVE
78ef0e7aeead076abb75e7b8966a40c1,BID,1.06390000,2025-05-01 14:39:54.460567,2025-05-01 14:40:08.186584,13.726017,CANCELED
9423f1dc6d76a1246f472e068316db6e,ASK,1.06550000,2025-05-01 14:39:54.460567,2025-05-01 14:39:54.460567,0.000000,ACTIVE
766a53512325a09f0579888c0c2d715f,BID,1.05940000,2025-05-01 14:39:54.460567,2025-05-01 14:39:54.460567,0.000000,ACTIVE
016af205d4b144b071c4f6e4e343fcf7,ASK,1.06440000,2025-05-01 14:39:54.460567,2025-05-01 14:40:02.194093,7.733526,CANCELED
660057c6c09b6f482132a94cfcfe28a2,ASK,1.06600000,2025-05-01 14:39:54.460567,2025-05-01 14:39:54.460567,0.000000,ACTIVE
9fbfda3ef3b7ff69e53e08ac44ce5a99,ASK,1.06490000,2025-05-01 14:39:54.460567,2025-05-01 14:40:02.194093,7.733526,CANCELED
0007f8c6c721ed5702475611f8695afd,ASK,1.06450000,2025-05-01 14:39:54.460567,2025-05-01 14:40:02.194093,7.733526,CANCELED
184264e03838f0c1ab7f514bc4bb9d0f,BID,1.06060000,2025-05-01 14:39:54.373168,2025-05-01 14:39:54.373168,0.000000,ACTIVE
50cd3bce73ec0abd62d41542518c342e,ASK,1.08860000,2025-05-01 14:39:54.373168,2025-05-01 14:39:54.460567,0.087399,ACTIVE
aa179bcd92c945c3f6b83b48b60ab1cd,ASK,1.06690000,2025-05-01 14:39:53.625839,2025-05-01 14:40:12.446244,18.820405,ACTIVE
282819e082d2b57e213e557895955995,BID,1.05860000,2025-05-01 14:39:53.625839,2025-05-01 14:39:59.807228,6.181389,CANCELED
3f25082c48be00447dff2413e325e4c2,ASK,1.06450000,2025-05-01 14:39:53.625839,2025-05-01 14:40:02.194093,8.568254,CANCELED
9e69449db4e2a8195afdffb215e33d8e,BID,1.06410000,2025-05-01 14:39:53.625839,2025-05-01 14:39:55.295458,1.669619,CANCELED
80654449088375e24b3a3f3eb64c8772,BID,1.04990000,2025-05-01 14:39:53.625839,2025-05-01 14:39:53.625839,0.000000,ACTIVE
e510831c706b1c69840bf3d8271416f6,BID,1.05510000,2025-05-01 14:39:53.625839,2025-05-01 14:39:53.625839,0.000000,ACTIVE
8af2701fafd3aef384177e8976d670f9,BID,1.06090000,2025-05-01 14:39:53.625839,2025-05-01 14:39:53.625839,0.000000,ACTIVE
7688526299e0854c6ef6662b335ad838,ASK,1.06430000,2025-05-01 14:39:53.625839,2025-05-01 14:40:02.194093,8.568254,CANCELED
8f4fbf5d9b4476f3806f5ddefde783c4,ASK,1.06460000,2025-05-01 14:39:53.625839,2025-05-01 14:40:12.446244,18.820405,CANCELED
8d0519dc4443a9bab8012e5b9cfea69d,ASK,1.06480000,2025-05-01 14:39:53.625839,2025-05-01 14:39:53.625839,0.000000,ACTIVE
daea5f6db3987b2a10e14e9536302f49,ASK,1.06490000,2025-05-01 14:39:53.625839,2025-05-01 14:40:02.194093,8.568254,CANCELED
3903b75d41e00dfe61d16e4f8ad2e30f,BID,1.05530000,2025-05-01 14:39:52.898575,2025-05-01 14:40:01.002366,8.103791,CANCELED
6f178182efb2b3754aa11014b65a94a0,BID,1.06290000,2025-05-01 14:39:52.898575,2025-05-01 14:40:00.471013,7.572438,CANCELED
ae4acdcd1760ba5c0f1146e333c20771,ASK,1.06680000,2025-05-01 14:39:52.898575,2025-05-01 14:40:12.446244,19.547669,ACTIVE
4388267a89c143dc413e4e3e92c9cb30,BID,1.06410000,2025-05-01 14:39:52.898575,2025-05-01 14:39:55.295458,2.396883,CANCELED
21b52b83eb50840b256a54daf1c29db5,BID,1.06370000,2025-05-01 14:39:52.898575,2025-05-01 14:39:52.898575,0.000000,ACTIVE
44eedfca754f4c2bff9393b5a0fdd186,ASK,1.07170000,2025-05-01 14:39:52.898575,2025-05-01 14:39:52.898575,0.000000,ACTIVE
8f2b7cc92c714a518ae64a5863b0cde5,ASK,1.07180000,2025-05-01 14:39:52.898575,2025-05-01 14:39:52.898575,0.000000,ACTIVE
90c97c294812168b9c3caf0379f7dfe8,BID,1.06170000,2025-05-01 14:39:52.898575,2025-05-01 14:39:52.898575,0.000000,ACTIVE
0185c3c7cfd05c8afc3e77b1f9aa4a4c,ASK,1.06860000,2025-05-01 14:39:52.898575,2025-05-01 14:39:52.898575,0.000000,ACTIVE
5575deea4ec5626ee156f62e7644815f,BID,1.06400000,2025-05-01 14:39:52.898575,2025-05-01 14:40:00.471013,7.572438,CANCELED
2e22e342cd3f32adeb5f3e1187b9cafe,BID,0.85140000,2025-05-01 14:39:52.898575,2025-05-01 14:39:55.295458,2.396883,CANCELED
e157ed194dff5f1f752bd48ce847cbaf,BID,1.06080000,2025-05-01 14:39:52.898575,2025-05-01 14:39:58.280216,5.381641,ACTIVE
e2c3111b7c9496a48cd74c9e78dfbab1,BID,1.06420000,2025-05-01 14:39:52.898575,2025-05-01 14:40:08.186584,15.288009,CANCELED
8f0e935159ed9883ec9b3f357441aa64,ASK,1.06830000,2025-05-01 14:39:52.898575,2025-05-01 14:39:52.898575,0.000000,ACTIVE
5a1ddfb8e6ae7338bf0e6407a8496fe0,ASK,1.06500000,2025-05-01 14:39:52.898575,2025-05-01 14:39:52.898575,0.000000,ACTIVE
34b916c8a078a20820bbdaa6b1ca7603,ASK,1.07430000,2025-05-01 14:39:52.898575,2025-05-01 14:40:09.347847,16.449272,CANCELED
9a604180bffc5b12b4c5264d151ca230,ASK,1.07060000,2025-05-01 14:39:52.844307,2025-05-01 14:39:52.844307,0.000000,ACTIVE
c111da9acc5d0baaf3f90bed27c19910,ASK,1.06450000,2025-05-01 14:39:52.844307,2025-05-01 14:40:02.194093,9.349786,CANCELED
da9c0fb4aaa1f71e2b1c1beb9e09e467,BID,1.06290000,2025-05-01 14:39:52.542917,2025-05-01 14:40:00.471013,7.928096,CANCELED
3c5a3be4680b424b0c8ac32434ea96d9,BID,1.06090000,2025-05-01 14:39:52.542917,2025-05-01 14:39:52.542917,0.000000,ACTIVE
499ee38399da8e3138c17fc95eb7059c,BID,1.05870000,2025-05-01 14:39:52.542917,2025-05-01 14:40:06.027795,13.484878,CANCELED
0f8af671c7706cc440d0b19d9544fdda,ASK,1.06440000,2025-05-01 14:39:52.542917,2025-05-01 14:40:02.194093,9.651176,CANCELED
54752f00a918a727ca4227d9a5ccf643,BID,1.06300000,2025-05-01 14:39:52.542917,2025-05-01 14:39:52.542917,0.000000,ACTIVE
a5ec1fd8350104537e520daface6ea59,BID,1.05860000,2025-05-01 14:39:52.201910,2025-05-01 14:39:59.807228,7.605318,CANCELED
fb4dd062ee621848aa44a5d78eac2e6c,ASK,1.07000000,2025-05-01 14:39:52.201910,2025-05-01 14:40:12.446244,20.244334,ACTIVE
9a668ef7af3b5425072ad351539a25f6,BID,1.06410000,2025-05-01 14:39:51.799867,2025-05-01 14:39:55.295458,3.495591,CANCELED
2bfed39c77efcf536e67ab1b9788a123,ASK,1.06940000,2025-05-01 14:39:51.799867,2025-05-01 14:39:51.799867,0.000000,ACTIVE
b9e65ef9f11d798465183f812153d19f,ASK,1.06950000,2025-05-01 14:39:51.799867,2025-05-01 14:39:51.799867,0.000000,ACTIVE
38c36adccf9ad029b4933bc3ada7f0c1,BID,1.06410000,2025-05-01 14:39:51.714915,2025-05-01 14:39:55.295458,3.580543,CANCELED
9fddda5ade8685868ab8ae4e015b7b52,BID,1.05960000,2025-05-01 14:39:51.714915,2025-05-01 14:39:51.714915,0.000000,ACTIVE
eafe043987cb415bca5ea02412e3a523,ASK,1.06580000,2025-05-01 14:39:51.284778,2025-05-01 14:39:51.284778,0.000000,ACTIVE
a1954cb287310cb59686a3fa98388a40,ASK,1.06560000,2025-05-01 14:39:51.284778,2025-05-01 14:39:51.284778,0.000000,ACTIVE
8d4b621d5259be1f908d8be1fa075504,BID,1.05990000,2025-05-01 14:39:51.284778,2025-05-01 14:39:51.284778,0.000000,ACTIVE
43a3878c7e349cb5d87752d2ba2b4d92,BID,1.06050000,2025-05-01 14:39:51.284778,2025-05-01 14:39:51.284778,0.000000,ACTIVE
e3f3a7d1d2cab77c8d372a64762a420b,ASK,1.06440000,2025-05-01 14:39:51.284778,2025-05-01 14:40:02.194093,10.909315,CANCELED
2bc653aac2690d47687ba6ef91ce248e,BID,1.06240000,2025-05-01 14:39:51.284778,2025-05-01 14:39:51.284778,0.000000,ACTIVE
2d715adc700babd2ebf5e5744a91f0f0,ASK,1.06830000,2025-05-01 14:39:51.113570,2025-05-01 14:39:51.113570,0.000000,ACTIVE
674965af0cc24f066145e72b52df7d1b,ASK,1.06710000,2025-05-01 14:39:51.113570,2025-05-01 14:39:51.113570,0.000000,ACTIVE
0afaa16db9df59ea0836bff1459b196e,ASK,1.06450000,2025-05-01 14:39:51.113570,2025-05-01 14:40:01.912450,10.798880,CANCELED
d5d8bbb4e76bce82ac75cb1ae7b7bfd8,ASK,1.06710000,2025-05-01 14:39:50.736797,2025-05-01 14:39:50.736797,0.000000,ACTIVE
f2f7dea85f3493ea483d043543c405cd,BID,1.05990000,2025-05-01 14:39:50.736797,2025-05-01 14:39:50.736797,0.000000,ACTIVE
02f22a868e9708771bdaf6676491005f,BID,1.05710000,2025-05-01 14:39:50.736797,2025-05-01 14:39:50.736797,0.000000,ACTIVE
568f98b2d67a77d32cc1b2fd73944047,BID,1.06390000,2025-05-01 14:39:50.736797,2025-05-01 14:40:06.027795,15.290998,CANCELED
4bc28e7860c79c6c8ec1f31c0455bf0e,ASK,1.06720000,2025-05-01 14:39:50.736797,2025-05-01 14:39:50.736797,0.000000,ACTIVE
412e24239b683b668f0a642058af0e4d,ASK,1.06520000,2025-05-01 14:39:50.736797,2025-05-01 14:39:50.736797,0.000000,ACTIVE
45555b817e779a5d7471815aea5836c5,ASK,1.06680000,2025-05-01 14:39:50.736797,2025-05-01 14:40:12.446244,21.709447,CANCELED
55fd2d449e3d375f0cb3fe32cac08435,ASK,1.06810000,2025-05-01 14:39:50.736797,2025-05-01 14:40:12.446244,21.709447,CANCELED
9b93d39c5ad8fcf681804f1ee0afc553,ASK,1.06690000,2025-05-01 14:39:50.736797,2025-05-01 14:40:12.446244,21.709447,CANCELED
0d3f073834da71b1aac34509eea35910,ASK,1.07070000,2025-05-01 14:39:50.434977,2025-05-01 14:40:12.446244,22.011267,ACTIVE
28d4aece8a2880d031b4acf333d2eddb,ASK,1.07110000,2025-05-01 14:39:50.434977,2025-05-01 14:39:50.434977,0.000000,ACTIVE
7d4376fe0dc8614df83b612bf3544623,BID,1.02790000,2025-05-01 14:39:50.434977,2025-05-01 14:39:50.434977,0.000000,ACTIVE
63a3352f08435916f7c093842d39f6d6,ASK,1.06540000,2025-05-01 14:39:50.434977,2025-05-01 14:39:50.434977,0.000000,ACTIVE
61656b61f699f8d10fcb0395af8d0eb1,BID,0.85130000,2025-05-01 14:39:50.434977,2025-05-01 14:40:12.446244,22.011267,CANCELED
9cb191df87ee2c56073d181fb44f8241,ASK,1.06500000,2025-05-01 14:39:50.434977,2025-05-01 14:39:50.434977,0.000000,ACTIVE
0dfee76968512583d3fd652486bf3053,ASK,1.06700000,2025-05-01 14:39:50.434977,2025-05-01 14:39:50.434977,0.000000,ACTIVE
4918582d00d1f2359f96349acfc9a485,BID,1.05770000,2025-05-01 14:39:50.434977,2025-05-01 14:39:50.434977,0.000000,ACTIVE
1e61742080c408c2433cacbb478c898f,BID,1.06010000,2025-05-01 14:39:50.434977,2025-05-01 14:39:50.434977,0.000000,ACTIVE
66b8193e55e59c5b52513a5d4e7e0a23,BID,1.06250000,2025-05-01 14:39:50.206342,2025-05-01 14:39:50.206342,0.000000,ACTIVE
90f583400cd00562dcdbcb4249f129ed,ASK,1.06440000,2025-05-01 14:39:50.206342,2025-05-01 14:40:02.194093,11.987751,CANCELED
a9753c70f6f81fb6e40072565f69dcab,BID,1.05980000,2025-05-01 14:39:50.206342,2025-05-01 14:40:12.446244,22.239902,CANCELED
5858d2c646ef4f3a5dcd6be2a74591dc,BID,1.06200000,2025-05-01 14:39:50.206342,2025-05-01 14:39:50.206342,0.000000,ACTIVE
b08760e4289a1037e1b4a00f49ed83a3,ASK,1.06510000,2025-05-01 14:39:50.051799,2025-05-01 14:40:02.194093,12.142294,CANCELED
45c22ff78c30429615d3359785c40a8c,BID,1.06240000,2025-05-01 14:39:50.051799,2025-05-01 14:39:50.051799,0.000000,ACTIVE
24c61fbf4f08659bda74568f9e96ebe7,BID,1.06360000,2025-05-01 14:39:49.963817,2025-05-01 14:39:49.963817,0.000000,ACTIVE
c7c20ef11680aa4de3d557c4fa55d029,BID,0.93650000,2025-05-01 14:39:49.963817,2025-05-01 14:40:12.446244,22.482427,CANCELED
434f0f722f95b7b6243f4176a1bcaf17,BID,1.06390000,2025-05-01 14:39:49.963817,2025-05-01 14:40:06.027795,16.063978,CANCELED
d80545371f4ad43d5db043818265f719,ASK,1.06470000,2025-05-01 14:39:49.963817,2025-05-01 14:39:49.963817,0.000000,ACTIVE
bc60b16700dc98cace02a60b16824e16,BID,1.06400000,2025-05-01 14:39:49.963817,2025-05-01 14:40:00.471013,10.507196,CANCELED
5aea3803539499f8691d1bd67866adc3,ASK,1.06950000,2025-05-01 14:39:49.649582,2025-05-01 14:39:49.649582,0.000000,ACTIVE
a150e47f678c83836c190a773ae838cb,BID,1.06390000,2025-05-01 14:39:49.649582,2025-05-01 14:40:06.027795,16.378213,CANCELED
1c8c0355a6d7072ce11fe12887ace26a,ASK,1.06620000,2025-05-01 14:39:49.649582,2025-05-01 14:39:49.649582,0.000000,ACTIVE
78fbfa2be9227973a9cfd7834d35b895,ASK,1.06630000,2025-05-01 14:39:49.649582,2025-05-01 14:39:49.649582,0.000000,ACTIVE
49a2d3b8f91b849bb8acfe9e5a3f9610,BID,1.06400000,2025-05-01 14:39:49.649582,2025-05-01 14:39:59.055715,9.406133,CANCELED
f637102c2a692155d58cfb570f0e2e50,BID,1.05990000,2025-05-01 14:39:49.649582,2025-05-01 14:39:49.649582,0.000000,ACTIVE
b9759f212de6b174e7b3b4591ea689ab,BID,1.06080000,2025-05-01 14:39:49.649582,2025-05-01 14:39:58.280216,8.630634,CANCELED
3185fa06a8811195d0af1c00ee50bf6f,ASK,1.06450000,2025-05-01 14:39:49.649582,2025-05-01 14:39:56.716313,7.066731,CANCELED
edfbc4d228471b02b9b056de94667f35,BID,0.93650000,2025-05-01 14:39:48.572829,2025-05-01 14:40:12.446244,23.873415,CANCELED
8a2a7be484ff7b75ba3d1fb872116e9a,BID,1.06370000,2025-05-01 14:39:48.572829,2025-05-01 14:39:48.572829,0.000000,ACTIVE
9fdb8ae35ed29040d3ae4709fbca719f,BID,1.06290000,2025-05-01 14:39:48.572829,2025-05-01 14:40:00.471013,11.898184,CANCELED
50dbbbf782a6aa979582d17d01a9165f,BID,1.06380000,2025-05-01 14:39:48.572829,2025-05-01 14:39:48.572829,0.000000,ACTIVE
1120a6ff33af25dba4b43418f87ab85d,ASK,1.07170000,2025-05-01 14:39:48.572829,2025-05-01 14:39:48.572829,0.000000,ACTIVE
ab2270afcae022a8f64cec63aaef2798,ASK,1.07340000,2025-05-01 14:39:48.572829,2025-05-01 14:39:48.572829,0.000000,ACTIVE
d653ea00aed49e6d3c49863222394b88,BID,1.06390000,2025-05-01 14:39:48.572829,2025-05-01 14:40:06.027795,17.454966,CANCELED
2103cc9fc3f03a9df91a93e45d305771,ASK,1.06820000,2025-05-01 14:39:48.572829,2025-05-01 14:39:48.572829,0.000000,ACTIVE
d2b51e277c2cf6e6ab6a522884f5d0eb,BID,1.02790000,2025-05-01 14:39:48.572829,2025-05-01 14:39:48.572829,0.000000,ACTIVE
34d8a5ca22761f8d4b25d366a59d1768,BID,1.05520000,2025-05-01 14:39:48.572829,2025-05-01 14:39:59.807228,11.234399,CANCELED
a08fa5ff1570e859ca160454d3191f42,ASK,1.06850000,2025-05-01 14:39:48.572829,2025-05-01 14:39:48.572829,0.000000,ACTIVE
88d70dc55dc89b75afdaf6bb7d425932,ASK,1.06480000,2025-05-01 14:39:48.572829,2025-05-01 14:39:48.572829,0.000000,ACTIVE
4d6204660b14757ddf148bd6b1857022,ASK,1.06530000,2025-05-01 14:39:48.572829,2025-05-01 14:39:48.572829,0.000000,ACTIVE
2f5475e6678f138f0d89cf1cb5300c04,ASK,1.06640000,2025-05-01 14:39:48.572829,2025-05-01 14:39:48.572829,0.000000,ACTIVE
0815b291f5bb488e205914afe84fc20c,BID,1.05510000,2025-05-01 14:39:48.572829,2025-05-01 14:39:48.572829,0.000000,ACTIVE
02125ebd93e8a3799efbbc56f5a1a417,BID,1.06070000,2025-05-01 14:39:48.572829,2025-05-01 14:40:12.446244,23.873415,ACTIVE
990ca7e302f9965da10788105b54cfe2,BID,1.06410000,2025-05-01 14:39:48.572829,2025-05-01 14:39:55.295458,6.722629,CANCELED
fd606d3040704db25bca7d2847f3f0b1,ASK,1.06470000,2025-05-01 14:39:48.572829,2025-05-01 14:39:48.572829,0.000000,ACTIVE
5cfe2e5455ba6b71db2db47b7ce95e2c,ASK,1.07100000,2025-05-01 14:39:48.572829,2025-05-01 14:40:12.446244,23.873415,CANCELED
d837b73f9c2bbd14734006e15307f762,ASK,1.06680000,2025-05-01 14:39:48.572829,2025-05-01 14:40:12.446244,23.873415,CANCELED
bb18fd66156a27e28516992157ebf602,ASK,1.06680000,2025-05-01 14:39:47.010848,2025-05-01 14:40:12.446244,25.435396,CANCELED
84a49bb70b63e869e9474d7b62681fe7,ASK,1.08250000,2025-05-01 14:39:47.010848,2025-05-01 14:39:47.010848,0.000000,ACTIVE
e03dd147746234ed6f12d6d0ae93d949,ASK,1.06440000,2025-05-01 14:39:47.010848,2025-05-01 14:40:02.194093,15.183245,CANCELED
0591ea59397ced0001faaf9caf581fe0,BID,1.05980000,2025-05-01 14:39:47.010848,2025-05-01 14:40:02.194093,15.183245,CANCELED
38ab56f30ac833485bf1c95ab9dba6e8,BID,1.06260000,2025-05-01 14:39:47.010848,2025-05-01 14:39:47.010848,0.000000,ACTIVE
fe5109a8b1ef5a7aa5cee985c4dd77e3,BID,1.05500000,2025-05-01 14:39:47.010848,2025-05-01 14:39:47.010848,0.000000,ACTIVE
a6b525a7d072a2c1b55a05d6854734bc,ASK,1.06490000,2025-05-01 14:39:47.010848,2025-05-01 14:40:02.194093,15.183245,CANCELED
0c8ee18abf42aec3f386751cd4922873,BID,1.06410000,2025-05-01 14:39:47.010848,2025-05-01 14:39:55.295458,8.284610,CANCELED
da8092bf80e2069700ba82f3266439af,ASK,1.06460000,2025-05-01 14:39:47.010848,2025-05-01 14:40:12.446244,25.435396,CANCELED
1caf4215152c79384f6844538b81d4d9,BID,1.05970000,2025-05-01 14:39:47.010848,2025-05-01 14:39:47.010848,0.000000,ACTIVE
ed98087b64749acb66e4512f57871fda,ASK,1.07420000,2025-05-01 14:39:47.010848,2025-05-01 14:40:05.779878,18.769030,CANCELED
830c4a314a9eb0c1e3424e6dc35492c1,BID,1.06060000,2025-05-01 14:39:47.010848,2025-05-01 14:40:00.097985,13.087137,ACTIVE
af86887876f64a73f9b3f4844b0f8b6e,ASK,1.06710000,2025-05-01 14:39:47.010848,2025-05-01 14:39:47.010848,0.000000,ACTIVE
347a9e5cf888e8da7efc4980c2117298,BID,1.05650000,2025-05-01 14:39:47.010848,2025-05-01 14:39:47.010848,0.000000,ACTIVE
2fbe8406511479a16c2051f539304076,BID,1.06400000,2025-05-01 14:39:47.010848,2025-05-01 14:39:59.055715,12.044867,CANCELED
b39e6e6433f1909c8421bb965f7479e8,ASK,1.06510000,2025-05-01 14:39:45.145138,2025-05-01 14:40:02.194093,17.048955,CANCELED
a9b15c1b5bd65e0a3b69c578a177db14,ASK,1.06420000,2025-05-01 14:39:45.145138,2025-05-01 14:40:06.027795,20.882657,CANCELED
417edc978bd3c34c8946cc81423fe7ea,ASK,1.06430000,2025-05-01 14:39:45.145138,2025-05-01 14:40:02.194093,17.048955,CANCELED
2b25392ab7d5be457c4edce4a8efae7a,ASK,1.06710000,2025-05-01 14:39:45.145138,2025-05-01 14:39:45.145138,0.000000,ACTIVE
5445987d39aaaa48e9d5d7426a7e10cf,ASK,1.06900000,2025-05-01 14:39:45.145138,2025-05-01 14:39:45.145138,0.000000,ACTIVE
266da2d8935b7e14b9a39efd65a7f7f9,ASK,1.06700000,2025-05-01 14:39:45.145138,2025-05-01 14:39:45.145138,0.000000,ACTIVE
8798c4a5e116c140857a9fa1ecf275f5,BID,1.06210000,2025-05-01 14:39:45.145138,2025-05-01 14:40:12.446244,27.301106,ACTIVE
dc6f06783fba838632938206a6dba6ef,ASK,1.06440000,2025-05-01 14:39:45.145138,2025-05-01 14:39:51.799867,6.654729,CANCELED
5a307e92f6e7d55e273be9e33b3f9a85,BID,1.06080000,2025-05-01 14:39:45.145138,2025-05-01 14:39:58.280216,13.135078,CANCELED
530fe6bc4b164535437abafa531b68c5,ASK,1.06650000,2025-05-01 14:39:45.145138,2025-05-01 14:39:45.145138,0.000000,ACTIVE
760e017856a6a729d59e5a9985cf6fef,BID,1.06220000,2025-05-01 14:39:45.145138,2025-05-01 14:39:45.145138,0.000000,ACTIVE
7ca00d89302bb3d304dda2c2c9511e78,ASK,1.06630000,2025-05-01 14:39:45.145138,2025-05-01 14:39:45.145138,0.000000,ACTIVE
c01088d26f703ba0a7e0be0f0acad6f2,BID,1.06360000,2025-05-01 14:39:45.145138,2025-05-01 14:39:45.145138,0.000000,ACTIVE
018dfae58f0bba118e89ef4ddd0b9e19,BID,1.03760000,2025-05-01 14:39:45.145138,2025-05-01 14:39:45.145138,0.000000,ACTIVE
d8ca431c855a2dde6752ebc3396b3573,ASK,1.07410000,2025-05-01 14:39:45.145138,2025-05-01 14:39:51.113570,5.968432,ACTIVE
193e6a20731c011edf43bd6d2d024981,BID,1.03130000,2025-05-01 14:39:45.145138,2025-05-01 14:40:12.446244,27.301106,ACTIVE
d148ef38400a57b0c626230394eb6adb,ASK,1.06670000,2025-05-01 14:39:45.145138,2025-05-01 14:39:45.145138,0.000000,ACTIVE
dbe7ce755161d77db43d2c634d1db383,BID,1.03450000,2025-05-01 14:39:45.145138,2025-05-01 14:39:45.145138,0.000000,ACTIVE
06e3ed81dbb09c0104f7affca96f7d16,ASK,1.06640000,2025-05-01 14:39:45.145138,2025-05-01 14:39:45.145138,0.000000,ACTIVE
234d2a98e187b0559827388ff154f416,BID,1.06040000,2025-05-01 14:39:45.145138,2025-05-01 14:40:12.446244,27.301106,ACTIVE
2d76eec70053ed555ff70db920e3aed7,BID,1.06350000,2025-05-01 14:39:45.145138,2025-05-01 14:39:45.145138,0.000000,ACTIVE
b3379ba35bafd62bc185d799ddf2a5f5,BID,1.01220000,2025-05-01 14:39:45.145138,2025-05-01 14:39:45.145138,0.000000,ACTIVE
a0e4522e69b79859b7b6e05d0c6bb22e,ASK,1.06680000,2025-05-01 14:39:45.145138,2025-05-01 14:40:12.446244,27.301106,CANCELED
f8ce8f7ba5b509815ea09b7c886060be,BID,1.01100000,2025-05-01 14:39:45.145138,2025-05-01 14:39:45.145138,0.000000,ACTIVE
958a278f18d8a3cb46a8801dbf760bd8,BID,1.05400000,2025-05-01 14:39:45.145138,2025-05-01 14:39:47.010848,1.865710,ACTIVE
01609747098666ee506b288a0bfd2369,BID,1.06250000,2025-05-01 14:39:45.145138,2025-05-01 14:40:12.446244,27.301106,ACTIVE
fee349febe5590fc43f137059466ed7e,ASK,1.06720000,2025-05-01 14:39:45.145138,2025-05-01 14:40:12.446244,27.301106,ACTIVE
0eddfa215a0e95209bd42ac789989492,BID,1.01100000,2025-05-01 14:39:44.666088,2025-05-01 14:39:44.666088,0.000000,ACTIVE
c405e3f451d80854109f4b34671e1c66,ASK,1.06430000,2025-05-01 14:39:44.666088,2025-05-01 14:39:47.010848,2.344760,CANCELED
4b63d6e8cc90a2094f82b6f114e98a6a,BID,1.06370000,2025-05-01 14:39:44.666088,2025-05-01 14:39:44.666088,0.000000,ACTIVE
9e61b2644cd5b69e96c51e90626f57e9,BID,1.06270000,2025-05-01 14:39:44.666088,2025-05-01 14:39:44.666088,0.000000,ACTIVE
009f41475f55cf2bcc0a35827d3ebcae,BID,1.06380000,2025-05-01 14:39:44.666088,2025-05-01 14:39:44.666088,0.000000,ACTIVE
1dd3b3e7b051b0109318ea68f64fa485,BID,1.06070000,2025-05-01 14:39:44.666088,2025-05-01 14:40:12.446244,27.780156,CANCELED
ef66809b9af05c958b608a52cfe4f0fc,BID,1.06000000,2025-05-01 14:39:44.666088,2025-05-01 14:39:44.666088,0.000000,ACTIVE
5e7c3a5314eae00d8980a1408b1c288f,BID,1.00040000,2025-05-01 14:39:44.666088,2025-05-01 14:39:44.666088,0.000000,ACTIVE
9e631a0043d9f7319d6a8a14b52d0937,BID,1.06290000,2025-05-01 14:39:44.666088,2025-05-01 14:40:00.471013,15.804925,CANCELED
bf2323bbc5888e5833c24ef58b1bf5b6,ASK,1.06440000,2025-05-01 14:39:44.666088,2025-05-01 14:39:48.572829,3.906741,CANCELED
3ea2cfa117b426999259dc5958c78915,ASK,1.06450000,2025-05-01 14:39:43.464363,2025-05-01 14:39:51.799867,8.335504,CANCELED
567fa5a565d3326a4383e00f68e3af1a,ASK,1.06570000,2025-05-01 14:39:43.464363,2025-05-01 14:39:43.464363,0.000000,ACTIVE
5737b9b20bb4ed3dffe6fa577b035bbd,ASK,1.06510000,2025-05-01 14:39:43.464363,2025-05-01 14:39:59.807228,16.342865,CANCELED
3c14d52c4162248aba4b9380fb177b71,BID,1.05670000,2025-05-01 14:39:43.464363,2025-05-01 14:39:43.464363,0.000000,ACTIVE
f40652279c5ba35cd212a4c0f25edd1c,ASK,1.06580000,2025-05-01 14:39:43.464363,2025-05-01 14:39:43.464363,0.000000,ACTIVE
00bcabac65d91c8105f7f6f4271f0965,BID,1.06000000,2025-05-01 14:39:43.464363,2025-05-01 14:39:43.464363,0.000000,ACTIVE
f3d92d1a4a96e06afacb66f06a8fbde5,ASK,1.06650000,2025-05-01 14:39:43.464363,2025-05-01 14:39:43.464363,0.000000,ACTIVE
53289613dd07cff9e6c1adc577609b68,BID,1.06370000,2025-05-01 14:39:43.464363,2025-05-01 14:39:43.464363,0.000000,ACTIVE
82ea962b682f0636e06467a8f974df7d,BID,1.05980000,2025-05-01 14:39:43.464363,2025-05-01 14:39:48.572829,5.108466,CANCELED
8256247503d87e585cd0e4d1b0700b15,BID,1.03450000,2025-05-01 14:39:43.464363,2025-05-01 14:39:43.464363,0.000000,ACTIVE
f23b1cda5769ca3f303a32d51077e09e,BID,1.06010000,2025-05-01 14:39:43.464363,2025-05-01 14:39:43.464363,0.000000,ACTIVE
7740f59a7f4c08f9f621aa4d25b7acdd,BID,1.05660000,2025-05-01 14:39:43.464363,2025-05-01 14:39:43.464363,0.000000,ACTIVE
e99d250541091c22f7cfe35354c340d3,ASK,1.06460000,2025-05-01 14:39:43.464363,2025-05-01 14:40:02.194093,18.729730,CANCELED
74f226a7238593054235cbdb9d342e35,ASK,1.06550000,2025-05-01 14:39:43.464363,2025-05-01 14:39:43.464363,0.000000,ACTIVE
4be19119856282cc631f28bafde59c9e,ASK,1.07420000,2025-05-01 14:39:43.464363,2025-05-01 14:39:52.898575,9.434212,CANCELED
bc7db250d5bef22debfd3a66ae9af0f9,BID,1.06340000,2025-05-01 14:39:43.464363,2025-05-01 14:39:43.464363,0.000000,ACTIVE
1095ed759b0e2f707ad26fb09815ccca,BID,1.02810000,2025-05-01 14:39:43.464363,2025-05-01 14:39:43.464363,0.000000,ACTIVE
a395c8773d999f2f4839b2e4f674ca34,ASK,1.06500000,2025-05-01 14:39:43.464363,2025-05-01 14:39:43.464363,0.000000,ACTIVE
64adc35ccebd3edbdc3e1e3f2778e37f,ASK,1.06700000,2025-05-01 14:39:43.464363,2025-05-01 14:39:43.464363,0.000000,ACTIVE
079fc3fea68a1d3a3ee42ca8b58225b7,ASK,1.06490000,2025-05-01 14:39:43.464363,2025-05-01 14:40:02.194093,18.729730,CANCELED
60acbb68b31c9fbb2485a9a0b71612d4,ASK,1.06440000,2025-05-01 14:39:43.464363,2025-05-01 14:39:48.572829,5.108466,CANCELED
0df88e119c4c11e678500034fffe7e5a,ASK,1.06540000,2025-05-01 14:39:43.464363,2025-05-01 14:40:12.446244,28.981881,ACTIVE
d17f584de0a9a62648e7c4c8ad59bcde,ASK,1.06810000,2025-05-01 14:39:42.597113,2025-05-01 14:40:12.446244,29.849131,CANCELED
ae9046c27082202bd2618e9d101a6ca6,ASK,1.07440000,2025-05-01 14:39:42.597113,2025-05-01 14:40:12.446244,29.849131,ACTIVE
3fed2f5c6a36f730f14ae113f490f1e0,ASK,1.06440000,2025-05-01 14:39:42.597113,2025-05-01 14:39:48.572829,5.975716,CANCELED
ac755321125541eab0e11e83546fbdc8,ASK,1.06800000,2025-05-01 14:39:42.597113,2025-05-01 14:39:42.597113,0.000000,ACTIVE
ea565120181768ba090ec449661e2b12,ASK,1.06460000,2025-05-01 14:39:42.597113,2025-05-01 14:39:52.898575,10.301462,CANCELED
47d945902dedbb50ed445f858d2fcb70,BID,1.05990000,2025-05-01 14:39:42.597113,2025-05-01 14:40:12.446244,29.849131,ACTIVE
de64480d2753f279cbeb2927250a1a7e,BID,1.05960000,2025-05-01 14:39:42.597113,2025-05-01 14:40:12.446244,29.849131,ACTIVE
8b71bc2dd7685d854a00763b9703666a,ASK,1.06450000,2025-05-01 14:39:42.597113,2025-05-01 14:39:47.010848,4.413735,CANCELED
d2ec5d1e5dee006e581720bd64d8a86d,ASK,1.06580000,2025-05-01 14:39:42.597113,2025-05-01 14:39:42.597113,0.000000,ACTIVE
7b4a06a605891fd3f1f1222a54db00e1,ASK,1.06560000,2025-05-01 14:39:42.597113,2025-05-01 14:39:42.597113,0.000000,ACTIVE
32450b4d0fda26609ad960769e70736a,BID,1.05970000,2025-05-01 14:39:42.597113,2025-05-01 14:40:12.446244,29.849131,ACTIVE
ed4d9dea02374396a8f7d12d921c86dc,ASK,1.06500000,2025-05-01 14:39:42.597113,2025-05-01 14:39:42.597113,0.000000,ACTIVE
ed3c80198e2e636df2aafd18a936a3ba,BID,1.05950000,2025-05-01 14:39:42.081247,2025-05-01 14:39:59.368654,17.287407,ACTIVE
e578906723f49b204054b70eb807d085,ASK,1.06440000,2025-05-01 14:39:42.081247,2025-05-01 14:39:48.572829,6.491582,CANCELED
e51ce4a5199a41fb87f4f2799df756ca,BID,1.06390000,2025-05-01 14:39:42.081247,2025-05-01 14:40:01.002366,18.921119,CANCELED
a14c7275d574add3cbe9fcfd730a2586,ASK,1.06820000,2025-05-01 14:39:42.081247,2025-05-01 14:39:42.081247,0.000000,ACTIVE
421d883b8808435bc33d23ef9d0f4e74,ASK,1.06600000,2025-05-01 14:39:42.081247,2025-05-01 14:39:42.081247,0.000000,ACTIVE
742eda52e3c6fadcd9b01efd98394d27,ASK,1.06530000,2025-05-01 14:39:42.081247,2025-05-01 14:39:42.081247,0.000000,ACTIVE
94a63e591f02968b1845b317a90ad007,ASK,1.06470000,2025-05-01 14:39:42.081247,2025-05-01 14:40:12.446244,30.364997,ACTIVE
b7d6553a829d54f2feb3dd4b69de9a73,ASK,1.06540000,2025-05-01 14:39:42.081247,2025-05-01 14:40:12.446244,30.364997,CANCELED
86aa775bc3dbe7fab644b315a7f16200,BID,1.06070000,2025-05-01 14:39:41.656158,2025-05-01 14:39:52.898575,11.242417,CANCELED
6721791253cd4d40e18cc79467aeda2f,BID,1.06370000,2025-05-01 14:39:41.656158,2025-05-01 14:39:41.656158,0.000000,ACTIVE
c12d8db0977e3a8f8ad1d86d828eb202,BID,1.06080000,2025-05-01 14:39:41.656158,2025-05-01 14:39:58.280216,16.624058,CANCELED
e72833ae0d98c85e7ab350bea33204c0,ASK,1.06550000,2025-05-01 14:39:41.656158,2025-05-01 14:39:41.656158,0.000000,ACTIVE
64d98fe6f6644d8f90c4de9bc866a063,ASK,1.06590000,2025-05-01 14:39:41.656158,2025-05-01 14:39:41.656158,0.000000,ACTIVE
48238001ea8f8299ac3f19420cf6d95b,ASK,1.06790000,2025-05-01 14:39:41.656158,2025-05-01 14:39:41.656158,0.000000,ACTIVE
1aac3c616c95d16878dee848b082e7cc,ASK,1.06990000,2025-05-01 14:39:41.656158,2025-05-01 14:39:57.058115,15.401957,CANCELED
641a9904376bd7f48e50774eecc2bb98,BID,1.05940000,2025-05-01 14:39:41.656158,2025-05-01 14:39:59.055715,17.399557,ACTIVE
8fcae6191de073058667c24116f00016,BID,1.06430000,2025-05-01 14:39:41.656158,2025-05-01 14:39:42.597113,0.940955,ACTIVE
bf9200bdae0a338e680af2fc412f1d79,BID,1.05930000,2025-05-01 14:39:41.301932,2025-05-01 14:39:41.301932,0.000000,ACTIVE
b3f9eb4a7f9b8048a463a450f8aaa473,BID,1.05990000,2025-05-01 14:39:41.301932,2025-05-01 14:40:12.446244,31.144312,CANCELED
a9e9c1361a9cc0b114bae909aeda3eb8,ASK,1.06550000,2025-05-01 14:39:41.301932,2025-05-01 14:39:41.301932,0.000000,ACTIVE
d6bff2f424ae015f32d48906f4c9bb7c,BID,1.05960000,2025-05-01 14:39:41.301932,2025-05-01 14:39:43.464363,2.162431,CANCELED
6d60aff28046a6d2788471560b6e15b7,BID,1.06430000,2025-05-01 14:39:41.301932,2025-05-01 14:39:42.597113,1.295181,CANCELED
d33591e88735fab02a5886184760a254,ASK,1.06490000,2025-05-01 14:39:41.301932,2025-05-01 14:39:58.775817,17.473885,CANCELED
c75d35cb3e9ab25606867d4e9b72e851,ASK,1.06620000,2025-05-01 14:39:40.824268,2025-05-01 14:39:40.824268,0.000000,ACTIVE
4bff33cec68db2b101fe8895ab823fc8,ASK,1.07860000,2025-05-01 14:39:40.824268,2025-05-01 14:39:40.824268,0.000000,ACTIVE
2fd939201c11677996ff5d460eb2d1aa,BID,1.06360000,2025-05-01 14:39:40.824268,2025-05-01 14:39:40.824268,0.000000,ACTIVE
a051b24cab8cb8a2cc15309bc667e332,BID,1.06400000,2025-05-01 14:39:40.824268,2025-05-01 14:39:59.055715,18.231447,CANCELED
282cf4e853ce159b26371d89b4363d37,BID,1.06150000,2025-05-01 14:39:40.824268,2025-05-01 14:39:40.824268,0.000000,ACTIVE
dbdddc1aa70ea3a6158317a470195ba7,ASK,1.06730000,2025-05-01 14:39:40.824268,2025-05-01 14:39:40.824268,0.000000,ACTIVE
a66a60772cc3142ba9880432cd298ade,BID,1.06100000,2025-05-01 14:39:40.824268,2025-05-01 14:39:40.824268,0.000000,ACTIVE
0fc4facdd2be5c26f27666a393ab5fa4,BID,1.06260000,2025-05-01 14:39:40.824268,2025-05-01 14:39:40.824268,0.000000,ACTIVE
e93929e2d25c4a997475644669595cfb,BID,1.06160000,2025-05-01 14:39:40.353161,2025-05-01 14:39:40.353161,0.000000,ACTIVE
c6036bdf7d5962cba706e01b961915e9,ASK,1.06540000,2025-05-01 14:39:40.353161,2025-05-01 14:40:12.446244,32.093083,CANCELED
8086a0dd6f1714ec37e1ef3a5b4eff28,ASK,1.06760000,2025-05-01 14:39:40.353161,2025-05-01 14:39:40.353161,0.000000,ACTIVE
c70cdfc25ed31923895800de99ddbdcc,ASK,1.06550000,2025-05-01 14:39:40.353161,2025-05-01 14:40:12.446244,32.093083,ACTIVE
8ae48b39bc0fea2b2c779e0aa098ce0b,BID,1.05860000,2025-05-01 14:39:40.082919,2025-05-01 14:39:56.419317,16.336398,CANCELED
3559daf4d802b264e30a3bbddebd8717,ASK,1.07630000,2025-05-01 14:39:40.082919,2025-05-01 14:39:40.082919,0.000000,ACTIVE
051c5c30339c970cb2021b5ed2131402,BID,1.06090000,2025-05-01 14:39:40.082919,2025-05-01 14:39:40.082919,0.000000,ACTIVE
9edf3a207606ecf2ba6ab2dbb7749852,BID,1.06370000,2025-05-01 14:39:40.082919,2025-05-01 14:39:40.082919,0.000000,ACTIVE
dbf46ca04e8dddffb91b22d1baeacda9,ASK,1.06580000,2025-05-01 14:39:40.082919,2025-05-01 14:39:40.082919,0.000000,ACTIVE
3fe99d5bddd17de1fdd307da162d41c8,BID,1.06390000,2025-05-01 14:39:40.082919,2025-05-01 14:40:00.745902,20.662983,CANCELED
28a66be4a3e607d9c1c9f157ec7489cf,BID,1.06290000,2025-05-01 14:39:40.082919,2025-05-01 14:40:00.471013,20.388094,CANCELED
31c2a55c7f74385ae8310c27a94107d1,ASK,1.06510000,2025-05-01 14:39:40.082919,2025-05-01 14:39:59.807228,19.724309,CANCELED
78e76c70a3648d72bb6ede181049629c,BID,1.05950000,2025-05-01 14:39:40.082919,2025-05-01 14:39:42.597113,2.514194,CANCELED
303e643aa06d96383197f4c35fc20f36,BID,1.06420000,2025-05-01 14:39:39.569748,2025-05-01 14:39:53.625839,14.056091,CANCELED
673ed7c26334bcc02fb303f88afb80ca,ASK,1.06530000,2025-05-01 14:39:39.569748,2025-05-01 14:39:39.569748,0.000000,ACTIVE
e21ca31b771fb5600d92d39ee7800b2f,BID,1.06340000,2025-05-01 14:39:39.569748,2025-05-01 14:39:39.569748,0.000000,ACTIVE
357540f2383630e0734b1ae3391f9664,ASK,1.06590000,2025-05-01 14:39:39.569748,2025-05-01 14:39:39.569748,0.000000,ACTIVE
062fbc2d3c6e6c2cd4010fbdf0dfc032,BID,1.06390000,2025-05-01 14:39:39.569748,2025-05-01 14:40:00.745902,21.176154,CANCELED
12cd32ce6a32e29440875792391327d1,BID,1.06380000,2025-05-01 14:39:39.569748,2025-05-01 14:39:39.569748,0.000000,ACTIVE
5c77c40463d6904ee72f8cd1baa71edc,BID,1.05800000,2025-05-01 14:39:39.569748,2025-05-01 14:40:00.471013,20.901265,CANCELED
817bb7da50a87e9112efb2876ab2a216,BID,1.02170000,2025-05-01 14:39:39.569748,2025-05-01 14:39:39.569748,0.000000,ACTIVE
790af45aa2661247f79b29cdaf21dc76,BID,1.05510000,2025-05-01 14:39:39.569748,2025-05-01 14:39:39.569748,0.000000,ACTIVE
08d01cc89e5bcd39726bdd69a7b04bdd,ASK,1.06840000,2025-05-01 14:39:37.499369,2025-05-01 14:39:43.464363,5.964994,ACTIVE
123a44be45992f63c1dda08a05b6faef,ASK,1.18130000,2025-05-01 14:39:37.499369,2025-05-01 14:39:37.499369,0.000000,ACTIVE
6a324d245fd3f98e54741c4fd85ae3ed,BID,1.06090000,2025-05-01 14:39:37.499369,2025-05-01 14:39:58.280216,20.780847,ACTIVE
f94b64aebb0a57e09697cc56f1990b22,ASK,1.10680000,2025-05-01 14:39:37.499369,2025-05-01 14:39:37.499369,0.000000,ACTIVE
9614a231601ef50ef2a3b7fa942f0804,ASK,1.06530000,2025-05-01 14:39:37.499369,2025-05-01 14:39:37.499369,0.000000,ACTIVE
52863c6818efacc698b405a2117d3345,ASK,1.06870000,2025-05-01 14:39:37.499369,2025-05-01 14:39:37.499369,0.000000,ACTIVE
7527065bf17a5f33989ceab91fa884da,ASK,1.06590000,2025-05-01 14:39:37.499369,2025-05-01 14:39:37.499369,0.000000,ACTIVE
2b35df9710f7504519066b7fb1f83a25,ASK,1.07030000,2025-05-01 14:39:37.499369,2025-05-01 14:39:37.499369,0.000000,ACTIVE
700f11450c828fab7b31e60ebf7ca918,BID,1.06140000,2025-05-01 14:39:37.499369,2025-05-01 14:39:37.499369,0.000000,ACTIVE
6518980d5ff245ccde971cc3ed781609,ASK,1.06470000,2025-05-01 14:39:37.499369,2025-05-01 14:40:12.446244,34.946875,CANCELED
4cf807a19f9c67e81ed20d8a4c0ae4cd,BID,1.06170000,2025-05-01 14:39:37.499369,2025-05-01 14:39:37.499369,0.000000,ACTIVE
08e661a3332e1d300081cdd8263e4bc2,BID,1.06190000,2025-05-01 14:39:37.499369,2025-05-01 14:39:37.499369,0.000000,ACTIVE
98861a3e8f50528aa1e7edead0543b09,ASK,1.06550000,2025-05-01 14:39:37.499369,2025-05-01 14:40:12.446244,34.946875,CANCELED
1575f17c60f09280d4ba9763f45e245e,BID,1.05720000,2025-05-01 14:39:37.499369,2025-05-01 14:39:37.499369,0.000000,ACTIVE
9792964e9d80f8c92a6db560238328ef,BID,1.03420000,2025-05-01 14:39:37.499369,2025-05-01 14:39:37.499369,0.000000,ACTIVE
5d9ccf14936efd7cba8d8391db09e643,ASK,1.06490000,2025-05-01 14:39:37.499369,2025-05-01 14:39:58.775817,21.276448,CANCELED
615ebf1f90971d7ebdcd6287e796d542,ASK,1.06810000,2025-05-01 14:39:37.499369,2025-05-01 14:40:12.446244,34.946875,CANCELED
598c315776a203e36e02c97a33187bb5,ASK,1.07040000,2025-05-01 14:39:37.499369,2025-05-01 14:39:37.499369,0.000000,ACTIVE
159996027d451bd46bca85b0d14d2b97,ASK,1.07850000,2025-05-01 14:39:37.499369,2025-05-01 14:39:37.499369,0.000000,ACTIVE
903c253abc5eeb8fc32fa7a5444abb8b,BID,1.05870000,2025-05-01 14:39:37.499369,2025-05-01 14:39:59.807228,22.307859,CANCELED
92ac968eb757c2c7dd3924acf2313089,BID,1.06150000,2025-05-01 14:39:37.499369,2025-05-01 14:39:37.499369,0.000000,ACTIVE
75c9dc7d40dcd5750f50f502071434d0,ASK,1.17070000,2025-05-01 14:39:37.499369,2025-05-01 14:39:37.499369,0.000000,ACTIVE
81521bcf9cd262fe174d46f331701b9d,ASK,1.10950000,2025-05-01 14:39:37.499369,2025-05-01 14:39:37.499369,0.000000,ACTIVE
c89b3ec6754532fb02ce351b33c98e2b,BID,1.06410000,2025-05-01 14:39:37.499369,2025-05-01 14:39:50.736797,13.237428,CANCELED
7e33f5659942a8ce0fd68fabad954ba7,BID,1.06390000,2025-05-01 14:39:37.499369,2025-05-01 14:40:00.745902,23.246533,CANCELED
6aea6b9299755170972416b352e14226,BID,1.06430000,2025-05-01 14:39:37.499369,2025-05-01 14:39:42.081247,4.581878,CANCELED
cc7b7bd6915a71e1a49a0765d221e464,BID,1.06420000,2025-05-01 14:39:37.499369,2025-05-01 14:39:42.597113,5.097744,CANCELED
471d92b24a1043afbb5989cb3f7ec479,BID,1.06360000,2025-05-01 14:39:37.499369,2025-05-01 14:40:12.446244,34.946875,ACTIVE
d83ce3af10d15309e009bab968327410,BID,1.06280000,2025-05-01 14:39:37.499369,2025-05-01 14:40:12.446244,34.946875,ACTIVE
9d8b3aaaec46eb613d827b9f7f6d5ad9,BID,1.06300000,2025-05-01 14:39:37.499369,2025-05-01 14:39:37.499369,0.000000,ACTIVE
44b191d849714972e25b5928f7027d58,ASK,1.06820000,2025-05-01 14:39:35.393394,2025-05-01 14:39:47.010848,11.617454,ACTIVE
fbe3c5793bb11f526b377b22337aabfb,BID,1.06330000,2025-05-01 14:39:35.393394,2025-05-01 14:39:35.393394,0.000000,ACTIVE
268d1a6abfeb01be4c56d7c0e77be324,BID,1.06070000,2025-05-01 14:39:35.393394,2025-05-01 14:39:45.145138,9.751744,CANCELED
d7b4ced836c2fabc2a9439ef502746f7,BID,1.05670000,2025-05-01 14:39:35.393394,2025-05-01 14:39:35.393394,0.000000,ACTIVE
958484577ac829bc77f8aa4cb33bc750,BID,1.05660000,2025-05-01 14:39:35.393394,2025-05-01 14:39:35.393394,0.000000,ACTIVE
feda672c3b7131006edbed113bc60239,ASK,1.06740000,2025-05-01 14:39:35.393394,2025-05-01 14:39:35.393394,0.000000,ACTIVE
5f6e59c0fad3430ac05c406c0dfd6c1f,ASK,1.07500000,2025-05-01 14:39:35.393394,2025-05-01 14:39:35.393394,0.000000,ACTIVE
713c7914ae4d88a7236de5bf82c30492,ASK,1.06490000,2025-05-01 14:39:35.393394,2025-05-01 14:39:58.775817,23.382423,CANCELED
5a616e2ea578be8d05a673cf776ca722,ASK,1.06760000,2025-05-01 14:39:35.393394,2025-05-01 14:39:35.393394,0.000000,ACTIVE
2f0d362ee78fc6c40b9595ee280f65f2,BID,1.05850000,2025-05-01 14:39:35.393394,2025-05-01 14:39:35.393394,0.000000,ACTIVE
cc989b05f94bb0574b5115512360e74a,ASK,1.09070000,2025-05-01 14:39:35.393394,2025-05-01 14:39:35.393394,0.000000,ACTIVE
c779b6b110fde88ab49fc02e9a6e4003,ASK,1.06830000,2025-05-01 14:39:35.393394,2025-05-01 14:39:35.393394,0.000000,ACTIVE
b6179aff5648df3d55760bb81eb30eba,BID,1.06150000,2025-05-01 14:39:35.393394,2025-05-01 14:39:35.393394,0.000000,ACTIVE
68e58b2807982b8665e909c1044fe416,ASK,1.07590000,2025-05-01 14:39:35.393394,2025-05-01 14:39:35.393394,0.000000,ACTIVE
62184c7f6ef331654f5d11dc9de0f132,BID,1.06420000,2025-05-01 14:39:35.393394,2025-05-01 14:39:42.081247,6.687853,CANCELED
99f1b9f0f7aec8ecb50d8335de1ad670,ASK,1.06580000,2025-05-01 14:39:35.393394,2025-05-01 14:39:35.393394,0.000000,ACTIVE
16b58625bade9b78845fe23fec103ad6,ASK,1.06730000,2025-05-01 14:39:35.393394,2025-05-01 14:39:35.393394,0.000000,ACTIVE
79d2ef28257a8b371a4c877b43c3ee86,BID,1.06400000,2025-05-01 14:39:35.393394,2025-05-01 14:39:54.460567,19.067173,CANCELED
ca6ea29365f0cf2c4355af73cead6556,BID,1.06380000,2025-05-01 14:39:35.393394,2025-05-01 14:40:06.027795,30.634401,ACTIVE
e0b0a5b74446283689c181d9b234884e,ASK,1.07060000,2025-05-01 14:39:35.393394,2025-05-01 14:40:06.027795,30.634401,ACTIVE
55dd55e9a8d64986df23b1f7d554200b,ASK,1.07430000,2025-05-01 14:39:35.393394,2025-05-01 14:40:06.027795,30.634401,CANCELED
f71c5f241f37bad39268ebad5f114010,ASK,1.06640000,2025-05-01 14:39:35.393394,2025-05-01 14:39:35.393394,0.000000,ACTIVE
394caeef40281b4472944839d4857055,ASK,1.07170000,2025-05-01 14:39:35.393394,2025-05-01 14:39:35.393394,0.000000,ACTIVE
faca6f7b8ae4b5fca9c387a23d4e12fa,BID,1.05890000,2025-05-01 14:39:35.393394,2025-05-01 14:39:40.082919,4.689525,ACTIVE
d63c90db390b010612aaa7da11d500ae,BID,1.05550000,2025-05-01 14:39:35.393394,2025-05-01 14:39:35.393394,0.000000,ACTIVE
46467efbd0482bf95795aaf7e2aa0e8b,BID,1.05840000,2025-05-01 14:39:35.393394,2025-05-01 14:40:01.002366,25.608972,CANCELED
b574a6dab25a490404244b79c2a5bcc0,BID,1.06220000,2025-05-01 14:39:35.393394,2025-05-01 14:39:35.393394,0.000000,ACTIVE
c3a4b3f4ab1ade7bd1f14ad8f8a1b128,BID,1.06370000,2025-05-01 14:39:35.393394,2025-05-01 14:40:12.446244,37.052850,ACTIVE
387a44784d51323eff667cd2e9d0c42a,ASK,1.07180000,2025-05-01 14:39:35.393394,2025-05-01 14:39:35.393394,0.000000,ACTIVE
52273f7ae1f75b50fb63c860a2756fa2,ASK,1.11730000,2025-05-01 14:39:35.393394,2025-05-01 14:39:35.393394,0.000000,ACTIVE
38e3fdf0dab02ca71babdfcc0b8d3538,BID,1.06390000,2025-05-01 14:39:35.393394,2025-05-01 14:39:47.010848,11.617454,CANCELED
b2eaae8a9f0d9e46b19b825f7dd6d270,ASK,1.06480000,2025-05-01 14:39:35.393394,2025-05-01 14:39:35.393394,0.000000,ACTIVE
e109a59ce9dd19ad3efd02f82fe95831,BID,1.05920000,2025-05-01 14:39:35.393394,2025-05-01 14:39:41.301932,5.908538,ACTIVE
fc97a875882d1cf8006806bbee6ce137,BID,1.06430000,2025-05-01 14:39:35.393394,2025-05-01 14:39:42.081247,6.687853,CANCELED
2b9c0a3390ef0a238ee250e507752109,BID,1.06410000,2025-05-01 14:39:35.393394,2025-05-01 14:39:43.464363,8.070969,CANCELED
19ccffd1a111e27de521b05b374c3be0,ASK,1.06570000,2025-05-01 14:39:35.393394,2025-05-01 14:39:35.393394,0.000000,ACTIVE
5e803703503d1394536bcea58ca31e62,BID,1.06320000,2025-05-01 14:39:35.393394,2025-05-01 14:39:35.393394,0.000000,ACTIVE
5cc03d86c9ca3ff7469736962f7c9e07,ASK,1.06810000,2025-05-01 14:39:35.393394,2025-05-01 14:40:12.446244,37.052850,CANCELED
31c32a4dcb4b887365431814bb8c9b03,ASK,1.06530000,2025-05-01 14:39:35.393394,2025-05-01 14:40:12.446244,37.052850,ACTIVE
de61d6b597cbde047742ef9177eed591,ASK,1.06800000,2025-05-01 14:39:35.393394,2025-05-01 14:40:12.446244,37.052850,ACTIVE
85a616af342d00caf5236a45ed16216f,ASK,1.06690000,2025-05-01 14:39:35.393394,2025-05-01 14:40:12.446244,37.052850,CANCELED
98089f0f79c2e94239aa4f2db27bd3e2,BID,1.06250000,2025-05-01 14:39:35.393394,2025-05-01 14:39:56.285476,20.892082,CANCELED
fde452b8e737d1503a374128408e87a4,ASK,1.06550000,2025-05-01 14:39:35.393394,2025-05-01 14:40:12.446244,37.052850,CANCELED
491e18665bcab63f0de80bce4fc95bc9,BID,1.06190000,2025-05-01 14:39:33.719870,2025-05-01 14:39:33.719870,0.000000,ACTIVE
8529a4e9f44a4464bd834979e7538f8a,ASK,1.06530000,2025-05-01 14:39:33.719870,2025-05-01 14:40:12.446244,38.726374,CANCELED
72cf4601d42ae72f0d2ca100690588dc,BID,1.06390000,2025-05-01 14:39:33.719870,2025-05-01 14:39:47.010848,13.290978,CANCELED
28f85a612b25a44fe25c44a588b47325,BID,1.06380000,2025-05-01 14:39:33.719870,2025-05-01 14:39:47.010848,13.290978,CANCELED
57fd9a6e6eadac1f5124877a353a12fb,ASK,1.06560000,2025-05-01 14:39:33.719870,2025-05-01 14:39:33.719870,0.000000,ACTIVE
451d6325d275a9226a973297d833bb70,BID,1.06360000,2025-05-01 14:39:33.719870,2025-05-01 14:40:12.446244,38.726374,CANCELED
895fa114094c5ca3e80b73033c1a086f,ASK,1.06520000,2025-05-01 14:39:33.719870,2025-05-01 14:39:33.719870,0.000000,ACTIVE
3c98fc3f53853aa8bb71e8f17b897d70,BID,1.06330000,2025-05-01 14:39:33.719870,2025-05-01 14:40:12.446244,38.726374,ACTIVE
99ab85a06538f06a4200377dc39b5cb2,BID,1.06370000,2025-05-01 14:39:33.719870,2025-05-01 14:40:12.446244,38.726374,CANCELED
40414d40ae4faf91f8afd7a690e539a8,BID,1.06020000,2025-05-01 14:39:33.719870,2025-05-01 14:39:33.719870,0.000000,ACTIVE
ec998d91e3b6b4fc4229ed499b9f07de,BID,1.06180000,2025-05-01 14:39:33.719870,2025-05-01 14:39:33.719870,0.000000,ACTIVE
586435a80f9da7db42d773e8d6fd8374,ASK,1.06570000,2025-05-01 14:39:33.719870,2025-05-01 14:39:33.719870,0.000000,ACTIVE
0a7a5a39ec293a1065a344c802efcd20,ASK,1.06690000,2025-05-01 14:39:33.719870,2025-05-01 14:40:12.446244,38.726374,CANCELED
7df5e1bb602dacb43893b6b179733a0d,ASK,1.06670000,2025-05-01 14:39:33.719870,2025-05-01 14:39:33.719870,0.000000,ACTIVE
d23b96c73ea1e2965824a1f9890f4c84,BID,1.06260000,2025-05-01 14:39:33.719870,2025-05-01 14:39:33.719870,0.000000,ACTIVE
6ff0ec9c3b084ae6e9647b3a73443596,BID,1.05500000,2025-05-01 14:39:33.719870,2025-05-01 14:39:33.719870,0.000000,ACTIVE
b645043d1d41f64cff2a1b97b2ec6467,BID,1.06410000,2025-05-01 14:39:33.719870,2025-05-01 14:39:43.464363,9.744493,CANCELED
d5639960a9f3edafaf4f8fda6e1eb22a,BID,1.06110000,2025-05-01 14:39:33.719870,2025-05-01 14:39:33.719870,0.000000,ACTIVE
a332386c1e3bcbb535ed622a829d1f2e,BID,1.06400000,2025-05-01 14:39:33.719870,2025-05-01 14:39:42.597113,8.877243,CANCELED
619f2758f6e6a0cfdea389907bfd199b,ASK,1.06800000,2025-05-01 14:39:33.719870,2025-05-01 14:40:12.446244,38.726374,CANCELED
02bd5b686f47c0a7e23c74dbb8b1e91a,BID,1.06420000,2025-05-01 14:39:33.719870,2025-05-01 14:39:42.081247,8.361377,CANCELED
86c5452a30613c94b045c98483d38b88,ASK,1.06850000,2025-05-01 14:39:33.719870,2025-05-01 14:39:33.719870,0.000000,ACTIVE
c47f4ff2b6951688ea4c0ffbb0563ddd,ASK,1.06700000,2025-05-01 14:39:33.719870,2025-05-01 14:39:33.719870,0.000000,ACTIVE
62e88f2712bc2b3ca7a2436123cbc11e,ASK,1.06710000,2025-05-01 14:39:33.719870,2025-05-01 14:39:33.719870,0.000000,ACTIVE
0ef9cda9f103fd3df0261400b15858d4,ASK,1.06820000,2025-05-01 14:39:33.719870,2025-05-01 14:39:47.010848,13.290978,CANCELED
383eb9b97122a2503db3a1a52d3a8081,ASK,1.06860000,2025-05-01 14:39:33.719870,2025-05-01 14:40:09.347847,35.627977,ACTIVE
0655e019a955a6f0715accf0426ac0d7,BID,1.05930000,2025-05-01 14:39:33.719870,2025-05-01 14:40:12.446244,38.726374,ACTIVE
3084785f2e46fa788d3a4a59e9a23756,ASK,1.07420000,2025-05-01 14:39:33.719870,2025-05-01 14:39:45.145138,11.425268,CANCELED
bd831b3a957ec3249c10601edb2c34ea,BID,0.74490000,2025-05-01 14:39:33.719870,2025-05-01 14:40:12.446244,38.726374,CANCELED
d7b66ca118436c88f521b7a8b9970b8f,ASK,1.06750000,2025-05-01 14:39:33.719870,2025-05-01 14:39:33.719870,0.000000,ACTIVE
e6ce4d0182eacf5aafe3f038b493ecd8,ASK,1.06540000,2025-05-01 14:39:33.430359,2025-05-01 14:40:12.446244,39.015885,CANCELED
ce07795a6ea69c90daa3e905f356f677,ASK,1.06600000,2025-05-01 14:39:33.430359,2025-05-01 14:39:33.430359,0.000000,ACTIVE
968d5c915ffd8a51fde1288648b1c825,ASK,1.06780000,2025-05-01 14:39:33.430359,2025-05-01 14:39:33.430359,0.000000,ACTIVE
fac1cd87e1b3f1573b0a8fdd8bc71362,BID,1.06120000,2025-05-01 14:39:33.430359,2025-05-01 14:39:33.430359,0.000000,ACTIVE
f49d973b377f8976f5b249a4fd2fc54a,BID,1.06250000,2025-05-01 14:39:33.291399,2025-05-01 14:39:37.499369,4.207970,CANCELED
f85a1d59aa047a71e500d284e365286a,BID,1.04740000,2025-05-01 14:39:33.291399,2025-05-01 14:39:33.291399,0.000000,ACTIVE
3f1ecb27c3c0450ba1bfd9149b861cca,ASK,1.19170000,2025-05-01 14:39:33.291399,2025-05-01 14:39:33.291399,0.000000,ACTIVE
3b6edc75e83a0a560a984e257698a4e1,BID,1.02150000,2025-05-01 14:39:33.262183,2025-05-01 14:39:33.262183,0.000000,ACTIVE
c1111f5db076b6d8a582741aea176fbc,BID,1.06380000,2025-05-01 14:39:33.205981,2025-05-01 14:39:42.081247,8.875266,CANCELED
ac6487f24c8cc21a12c524e388b7231b,BID,1.05270000,2025-05-01 14:39:33.205981,2025-05-01 14:40:12.446244,39.240263,ACTIVE
6fee5ab2d2f42c8c89a61a10e14fd1c7,BID,1.06270000,2025-05-01 14:39:33.205981,2025-05-01 14:39:33.205981,0.000000,ACTIVE
cdc72bd33c2e277e598d3636fb160188,BID,1.06190000,2025-05-01 14:39:33.205981,2025-05-01 14:39:33.205981,0.000000,ACTIVE
a7dc50d542f7dd28ac91beae83a8c9b5,ASK,1.06530000,2025-05-01 14:39:32.983222,2025-05-01 14:40:12.446244,39.463022,CANCELED
8219a2b87dfbfd2c2b0b8d7f7e31b32d,BID,1.06350000,2025-05-01 14:39:32.897691,2025-05-01 14:39:32.897691,0.000000,ACTIVE
d930dac7b8bc9e5d6cec4f771fe2d8c4,ASK,1.06420000,2025-05-01 14:39:32.897691,2025-05-01 14:39:48.572829,15.675138,CANCELED
1025bf4fde487709cb60764ae9e3a3ab,BID,1.06270000,2025-05-01 14:39:32.897691,2025-05-01 14:39:32.897691,0.000000,ACTIVE
aa6d9c70dbcef1db972c2dd8ad76c78f,ASK,1.06450000,2025-05-01 14:39:32.897691,2025-05-01 14:39:45.145138,12.247447,CANCELED
1ef08a37fe9aac0b433b9eb72916a742,ASK,1.06440000,2025-05-01 14:39:32.897691,2025-05-01 14:39:48.572829,15.675138,CANCELED
18c5e1227c2092dce1f40904a7c62261,ASK,1.06550000,2025-05-01 14:39:32.639608,2025-05-01 14:40:02.194093,29.554485,CANCELED
be61993483300de230994b922de6872b,BID,1.05950000,2025-05-01 14:39:32.639608,2025-05-01 14:39:41.301932,8.662324,CANCELED
c359f2dc16a3cd74c414833c0b9d8f36,BID,1.06080000,2025-05-01 14:39:32.639608,2025-05-01 14:39:58.280216,25.640608,CANCELED
ebd7dd3be40c7d8c4e78edfeb4934c15,ASK,1.06670000,2025-05-01 14:39:32.639608,2025-05-01 14:39:32.639608,0.000000,ACTIVE
13885fd1e8ecd80a9ecbea1f0493b080,ASK,1.06660000,2025-05-01 14:39:32.639608,2025-05-01 14:39:32.639608,0.000000,ACTIVE
15fbe4519ef851e5fdcef6152cb453ca,BID,1.06260000,2025-05-01 14:39:32.639608,2025-05-01 14:40:01.912450,29.272842,ACTIVE
f26324eaa570a96378614300e16d5e77,BID,1.05800000,2025-05-01 14:39:32.639608,2025-05-01 14:40:00.471013,27.831405,CANCELED
fbfdf184500c3498061fd75aeee2d618,ASK,1.06650000,2025-05-01 14:39:32.639608,2025-05-01 14:39:32.639608,0.000000,ACTIVE
078746e002b0e82c32cf579685ae9459,ASK,1.06680000,2025-05-01 14:39:32.639608,2025-05-01 14:40:12.446244,39.806636,CANCELED
3525b6c5cb224bf78200fbdbdeca2079,ASK,1.06690000,2025-05-01 14:39:32.639608,2025-05-01 14:40:12.446244,39.806636,CANCELED
824009b8ebb8faface08a29d8074f674,ASK,1.06700000,2025-05-01 14:39:31.956421,2025-05-01 14:40:12.446244,40.489823,ACTIVE
5193c5d5bd181db40413dfeff066aebf,BID,1.06390000,2025-05-01 14:39:31.956421,2025-05-01 14:39:43.464363,11.507942,CANCELED
dd3a461c7eb3f6f51b5ab978f640ff38,BID,1.06230000,2025-05-01 14:39:31.956421,2025-05-01 14:39:31.956421,0.000000,ACTIVE
cc4635282b66ed5dc78cb2e5cb57505d,BID,1.05510000,2025-05-01 14:39:31.956421,2025-05-01 14:39:31.956421,0.000000,ACTIVE
523bd4a62deb4ff702fe87338f226fa2,ASK,1.06660000,2025-05-01 14:39:31.956421,2025-05-01 14:39:31.956421,0.000000,ACTIVE
c712b3e9590915ed71708416a3eef462,ASK,1.06430000,2025-05-01 14:39:31.956421,2025-05-01 14:39:47.010848,15.054427,CANCELED
d7f78e5063533fb6004934640281a7ef,BID,1.05860000,2025-05-01 14:39:31.956421,2025-05-01 14:39:56.419317,24.462896,CANCELED
acfc8ecb62cc0f06986c11622945c372,ASK,1.07410000,2025-05-01 14:39:31.845047,2025-05-01 14:39:51.113570,19.268523,CANCELED
3df8424dc87d943597f2618b594692fc,ASK,1.06960000,2025-05-01 14:39:31.845047,2025-05-01 14:39:52.542917,20.697870,ACTIVE
7c01b558854ef30409379d94cf0b7cf2,BID,1.06360000,2025-05-01 14:39:31.069134,2025-05-01 14:40:12.446244,41.377110,CANCELED
5781e3d250e0246e5fffce20e7f4cba6,BID,1.06290000,2025-05-01 14:39:31.069134,2025-05-01 14:39:59.807228,28.738094,CANCELED
4aba34a1432e542f93d91fcd7f15e842,BID,1.06260000,2025-05-01 14:39:31.069134,2025-05-01 14:39:56.285476,25.216342,CANCELED
6565e8d0d86eb0a946155683d39915af,BID,1.05920000,2025-05-01 14:39:31.069134,2025-05-01 14:39:41.301932,10.232798,CANCELED
0aaaad4196adaf6f51cac6720a6cf1b3,BID,1.06140000,2025-05-01 14:39:31.069134,2025-05-01 14:39:31.069134,0.000000,ACTIVE
43dd37b558181179e448b4b5485ae234,ASK,1.06560000,2025-05-01 14:39:31.069134,2025-05-01 14:39:31.069134,0.000000,ACTIVE
5990c0c5cf058f5bbd6527b399a53ba2,ASK,1.06430000,2025-05-01 14:39:31.069134,2025-05-01 14:39:47.010848,15.941714,CANCELED
f8c36d70f3871932fbcd71d4c8c200df,BID,1.05850000,2025-05-01 14:39:30.516789,2025-05-01 14:39:57.058115,26.541326,ACTIVE
e3c53985b99b3f4f1315adeb6c61bbe9,ASK,1.06510000,2025-05-01 14:39:30.516789,2025-05-01 14:39:59.807228,29.290439,CANCELED
ba5b9ad94a0f42cd0e53de9a194203ae,BID,1.06350000,2025-05-01 14:39:30.516789,2025-05-01 14:40:12.446244,41.929455,ACTIVE
5d201b08bf50fe3bb7fc09baf2263f9d,BID,1.05500000,2025-05-01 14:39:30.516789,2025-05-01 14:39:30.516789,0.000000,ACTIVE
e34aab8d3193b8d65e00d978222a3080,BID,1.05910000,2025-05-01 14:39:30.516789,2025-05-01 14:39:30.516789,0.000000,ACTIVE
fa9ac7604b72dae05c9c7bf6b6ce5438,ASK,1.06550000,2025-05-01 14:39:30.516789,2025-05-01 14:40:02.194093,31.677304,CANCELED
b0a0698108eefac39df4d8e2bf70507e,ASK,1.06460000,2025-05-01 14:39:30.516789,2025-05-01 14:39:52.898575,22.381786,CANCELED
5f652e2c8b078a788db28f022c3f6dc8,BID,1.06400000,2025-05-01 14:39:30.516789,2025-05-01 14:39:42.597113,12.080324,CANCELED
6b56e1e07ae4e01ec603270cac17681e,ASK,1.06970000,2025-05-01 14:39:30.516789,2025-05-01 14:40:12.446244,41.929455,CANCELED
468a5dde72973afa62c9bc34803ad138,ASK,1.06910000,2025-05-01 14:39:30.516789,2025-05-01 14:39:30.516789,0.000000,ACTIVE
6fb99473d7e3b4536a00e6580ed56d0b,ASK,1.06670000,2025-05-01 14:39:30.516789,2025-05-01 14:40:12.446244,41.929455,ACTIVE
cd332084fc7cfe24b580f373e7160d4c,BID,1.06380000,2025-05-01 14:39:30.139030,2025-05-01 14:39:42.081247,11.942217,CANCELED
05a03721329594d8099a2fda124b6784,BID,1.05940000,2025-05-01 14:39:30.139030,2025-05-01 14:39:59.055715,28.916685,CANCELED
ba27be69b50f27aa9fc00900641a2a90,BID,1.05900000,2025-05-01 14:39:30.139030,2025-05-01 14:39:30.139030,0.000000,ACTIVE
6fd8d250c6bd9109ece0ef152539ed66,BID,1.05950000,2025-05-01 14:39:30.139030,2025-05-01 14:39:33.291399,3.152369,CANCELED
99aef099ce46538ab2de97c56bbf3ee7,BID,1.06340000,2025-05-01 14:39:29.999776,2025-05-01 14:39:29.999776,0.000000,ACTIVE
2360e516003b3c7e448204e6d56143e5,BID,1.05860000,2025-05-01 14:39:29.999776,2025-05-01 14:39:56.419317,26.419541,CANCELED
1fa8599a11d9fe9cdafc081eb5d01d4a,BID,1.06260000,2025-05-01 14:39:29.999776,2025-05-01 14:39:35.393394,5.393618,CANCELED
d9fdd6e00c83c5213a7b79200fda4967,ASK,1.06790000,2025-05-01 14:39:29.733883,2025-05-01 14:39:29.733883,0.000000,ACTIVE
0f0cf90b89aefed1aade0f5121b15195,BID,1.05860000,2025-05-01 14:39:29.733883,2025-05-01 14:39:52.542917,22.809034,CANCELED
94d9c7c000d2e3339dc52937930bd1b9,ASK,1.06510000,2025-05-01 14:39:29.733883,2025-05-01 14:39:58.524253,28.790370,CANCELED
685a5926b24a6fa8cfa0783b20c9c014,ASK,1.06440000,2025-05-01 14:39:28.684483,2025-05-01 14:39:35.393394,6.708911,CANCELED
9a38929ed5e4722697acb70f6bcd43aa,ASK,1.06590000,2025-05-01 14:39:28.684483,2025-05-01 14:39:28.684483,0.000000,ACTIVE
32bd7ac7098bcf0e65a7b2068dacd4a3,ASK,1.06520000,2025-05-01 14:39:28.684483,2025-05-01 14:39:28.684483,0.000000,ACTIVE
8aa5c080ddf829c292d850e3458ab268,ASK,1.06560000,2025-05-01 14:39:28.684483,2025-05-01 14:39:28.684483,0.000000,ACTIVE
225a76c24d18fc1d2a0543a9330d155f,ASK,1.06450000,2025-05-01 14:39:28.684483,2025-05-01 14:39:35.393394,6.708911,CANCELED
f55e7acfd4e601223ba37758af1d27ff,ASK,1.06580000,2025-05-01 14:39:28.684483,2025-05-01 14:39:28.684483,0.000000,ACTIVE
5e3f98b9e87731f091098df2260359e8,BID,1.06390000,2025-05-01 14:39:28.684483,2025-05-01 14:39:43.464363,14.779880,CANCELED
e78cafd521de5843fc3a879bccfdf4fb,ASK,1.06530000,2025-05-01 14:39:28.684483,2025-05-01 14:40:12.446244,43.761761,CANCELED
c42e079a86d4a317b07cc00b127f8095,ASK,1.06830000,2025-05-01 14:39:28.684483,2025-05-01 14:39:28.684483,0.000000,ACTIVE
68b22c475f00b084b0ba95dc209bbaed,BID,1.06280000,2025-05-01 14:39:28.684483,2025-05-01 14:39:45.145138,16.460655,CANCELED
ab05ef578000bdfb1ce9c0b53c595834,BID,1.06310000,2025-05-01 14:39:28.684483,2025-05-01 14:39:28.684483,0.000000,ACTIVE
d3e390e2495e233941c0d9294a8ac67a,BID,1.06320000,2025-05-01 14:39:28.684483,2025-05-01 14:39:28.684483,0.000000,ACTIVE
cf428ca60a2aaccca23a3ab78512893e,BID,1.05510000,2025-05-01 14:39:28.684483,2025-05-01 14:39:58.280216,29.595733,ACTIVE
98fb09c67ec5147e533046ced80ef347,BID,1.06400000,2025-05-01 14:39:28.684483,2025-05-01 14:39:42.597113,13.912630,CANCELED
e25425afa7faca2a5443ddc5381ee023,BID,1.06260000,2025-05-01 14:39:28.684483,2025-05-01 14:39:35.393394,6.708911,CANCELED
0f349d8b515bef2270428b3af329da45,BID,1.05940000,2025-05-01 14:39:28.684483,2025-05-01 14:39:31.069134,2.384651,CANCELED
3202c26b5c46ffeedb78372f6504e1c8,ASK,1.06460000,2025-05-01 14:39:28.684483,2025-05-01 14:39:40.824268,12.139785,CANCELED
279a96336acb82ce2f4e90a41cacd91c,BID,1.06380000,2025-05-01 14:39:28.684483,2025-05-01 14:39:42.081247,13.396764,CANCELED
6e9743bebf19f807eaf49e689e8d2d12,BID,1.05950000,2025-05-01 14:39:28.684483,2025-05-01 14:39:31.069134,2.384651,CANCELED
b842f8fc2066c95e28bf6b669000f78b,ASK,1.06790000,2025-05-01 14:39:28.684483,2025-05-01 14:39:28.684483,0.000000,ACTIVE
b312d4031a01e261b5de02285b7ffe51,ASK,1.06480000,2025-05-01 14:39:28.684483,2025-05-01 14:39:28.684483,0.000000,ACTIVE
2d4a45e1699a5a73f0b8d97168f34525,BID,1.06380000,2025-05-01 14:39:27.466294,2025-05-01 14:39:37.499369,10.033075,CANCELED
1e00b9a87b52de4e4dfbed360337510a,BID,1.06400000,2025-05-01 14:39:27.466294,2025-05-01 14:39:42.597113,15.130819,CANCELED
9d80e323709b92d1a9cd812363c7687b,ASK,1.06490000,2025-05-01 14:39:27.466294,2025-05-01 14:39:51.799867,24.333573,CANCELED
83aab633b3f9506c9001beb77cf2e542,BID,1.06270000,2025-05-01 14:39:27.466294,2025-05-01 14:40:12.446244,44.979950,ACTIVE
e1c15f9f13ec73a06b84f75e87dd2817,ASK,1.06660000,2025-05-01 14:39:27.466294,2025-05-01 14:39:27.466294,0.000000,ACTIVE
1ea1d312cc0e9ecf92e9e3e152e7ddc9,ASK,1.16670000,2025-05-01 14:39:27.466294,2025-05-01 14:40:12.446244,44.979950,ACTIVE
11ecd4802cd11e69721f6b411f46207e,ASK,1.06840000,2025-05-01 14:39:27.466294,2025-05-01 14:39:43.464363,15.998069,CANCELED
2e060ab5586dcbaf786436683df2f1e9,ASK,1.07720000,2025-05-01 14:39:27.466294,2025-05-01 14:39:27.466294,0.000000,ACTIVE
c62b20c45a6aeadfbf45df7b00a187cb,BID,1.05930000,2025-05-01 14:39:27.466294,2025-05-01 14:39:35.393394,7.927100,CANCELED
97851291e18c7e526b5a5a56d41833b7,BID,1.06350000,2025-05-01 14:39:27.466294,2025-05-01 14:40:12.446244,44.979950,CANCELED
b34e8e919719daddb881e4047958ddb0,ASK,1.06470000,2025-05-01 14:39:27.466294,2025-05-01 14:39:55.874321,28.408027,CANCELED
44ed19949abe1174ae3ce9586871f1c1,BID,1.06250000,2025-05-01 14:39:27.466294,2025-05-01 14:39:37.499369,10.033075,CANCELED
48d6ded67f3bc2def1eed18310d85aba,BID,1.06360000,2025-05-01 14:39:27.466294,2025-05-01 14:40:12.446244,44.979950,CANCELED
73fdd8d9d9bdd4fe92bdba8873f9db52,ASK,1.06480000,2025-05-01 14:39:27.466294,2025-05-01 14:39:27.466294,0.000000,ACTIVE
b715644cd001612a74d423ebba80193d,BID,1.05400000,2025-05-01 14:39:27.466294,2025-05-01 14:39:47.010848,19.544554,CANCELED
f45ae72346488a616a50cf313f2dda12,ASK,1.06680000,2025-05-01 14:39:27.466294,2025-05-01 14:40:12.446244,44.979950,CANCELED
96b03f609a9b8336786bb80db95f1ee4,ASK,1.06800000,2025-05-01 14:39:27.466294,2025-05-01 14:40:12.446244,44.979950,CANCELED
4504cec424c598b3267670843d480b7e,BID,1.06340000,2025-05-01 14:39:25.796020,2025-05-01 14:39:25.796020,0.000000,ACTIVE
e26120125d216e26dd881e340d47d2f6,BID,1.06270000,2025-05-01 14:39:25.796020,2025-05-01 14:40:12.446244,46.650224,CANCELED
732c67fef6964b4e8fa04dcdb46bee39,BID,1.05790000,2025-05-01 14:39:25.796020,2025-05-01 14:39:25.796020,0.000000,ACTIVE
78168a427de2749996e71d28692a10e5,ASK,1.06450000,2025-05-01 14:39:25.796020,2025-05-01 14:39:35.393394,9.597374,CANCELED
6f1c1e2e701f49db40eb8455a3f6b0b3,BID,1.05920000,2025-05-01 14:39:25.796020,2025-05-01 14:39:41.301932,15.505912,CANCELED
bb346eee00cae69640fa4c889e949b6c,BID,1.06390000,2025-05-01 14:39:25.796020,2025-05-01 14:39:43.464363,17.668343,CANCELED
9c6631972af5d8009850be436264ff3a,BID,1.06380000,2025-05-01 14:39:25.796020,2025-05-01 14:39:37.499369,11.703349,CANCELED
313ee1a8899261e8a01637149cab55a3,BID,1.06370000,2025-05-01 14:39:25.796020,2025-05-01 14:39:37.499369,11.703349,CANCELED
b21d2ddf28e7eabd25fd4c6ad0aecb32,ASK,1.06800000,2025-05-01 14:39:25.796020,2025-05-01 14:40:12.446244,46.650224,CANCELED
f45d01017b304d326aafd1ee2fbb8dae,ASK,1.06430000,2025-05-01 14:39:25.796020,2025-05-01 14:39:43.464363,17.668343,CANCELED
4440579200414575a09e09e07e8243bc,BID,1.05850000,2025-05-01 14:39:25.796020,2025-05-01 14:39:57.058115,31.262095,CANCELED
ad43e45a08c43875bb506cdcaed04a37,BID,1.05820000,2025-05-01 14:39:25.796020,2025-05-01 14:39:40.082919,14.286899,ACTIVE
d021417387baa29dd96e7b16113f8708,BID,1.06310000,2025-05-01 14:39:25.796020,2025-05-01 14:39:25.796020,0.000000,ACTIVE
2ba615832d6d2a23d6aa290384bf2d22,BID,1.06360000,2025-05-01 14:39:25.796020,2025-05-01 14:40:12.446244,46.650224,CANCELED
3936da5ee908926f1307c5200f3016ae,ASK,1.07400000,2025-05-01 14:39:25.796020,2025-05-01 14:39:31.956421,6.160401,ACTIVE
d708cd78527026641f77dffc91ca908e,ASK,1.06930000,2025-05-01 14:39:25.796020,2025-05-01 14:39:25.796020,0.000000,ACTIVE
cb9308e8175199f36b92c51f7dda2ff7,ASK,1.19160000,2025-05-01 14:39:25.796020,2025-05-01 14:39:25.796020,0.000000,ACTIVE
95050322cd921a499f2e8f28839dafd0,ASK,1.06790000,2025-05-01 14:39:25.796020,2025-05-01 14:39:25.796020,0.000000,ACTIVE
fba7a3b5b549cfbbda715d199b1aef9f,BID,1.06260000,2025-05-01 14:39:24.529511,2025-05-01 14:39:35.393394,10.863883,CANCELED
8939f32652a55b1a2b09271350e049b1,ASK,1.06770000,2025-05-01 14:39:24.529511,2025-05-01 14:39:24.529511,0.000000,ACTIVE
9333e5b0a76a81acf4c0214304531c51,BID,1.05740000,2025-05-01 14:39:24.529511,2025-05-01 14:40:05.247118,40.717607,CANCELED
56989c6fc1e956986ffb9a4e7fb24422,ASK,1.07150000,2025-05-01 14:39:24.529511,2025-05-01 14:39:24.529511,0.000000,ACTIVE
54e5a5af906cccafa7f301d6f49f9f77,BID,1.06390000,2025-05-01 14:39:24.529511,2025-05-01 14:39:27.466294,2.936783,CANCELED
e3bc5547216ea45c12e9e2eb49533c10,BID,1.05930000,2025-05-01 14:39:24.529511,2025-05-01 14:39:28.684483,4.154972,CANCELED
52dc2da6eab2257498dd1aa499413341,BID,1.06380000,2025-05-01 14:39:24.529511,2025-05-01 14:39:37.499369,12.969858,CANCELED
ba26c6fbaf966e5dcc20274c011aa1c5,ASK,1.06800000,2025-05-01 14:39:24.529511,2025-05-01 14:40:12.446244,47.916733,CANCELED
e195a9317d63bba51d0a7de4c602ddb9,BID,1.06220000,2025-05-01 14:39:24.529511,2025-05-01 14:39:24.529511,0.000000,ACTIVE
a5f1276b37d988e8eb7582a58eac00c6,ASK,1.06480000,2025-05-01 14:39:24.529511,2025-05-01 14:39:24.529511,0.000000,ACTIVE
6113cd34c150331caa60a36ff2434838,BID,1.06360000,2025-05-01 14:39:24.529511,2025-05-01 14:40:01.002366,36.472855,CANCELED
88fef92d0d999fc3e213ea5d2b95b1dc,ASK,1.06460000,2025-05-01 14:39:24.529511,2025-05-01 14:39:40.824268,16.294757,CANCELED
d03355b903d78332d33e009b0679800e,ASK,1.06650000,2025-05-01 14:39:24.529511,2025-05-01 14:39:24.529511,0.000000,ACTIVE
9027d3c18daec6ae3e02436d94e64592,BID,1.06350000,2025-05-01 14:39:24.529511,2025-05-01 14:39:37.499369,12.969858,CANCELED
c483c0de5cc3ec81619981b94d176a4c,ASK,1.06450000,2025-05-01 14:39:24.529511,2025-05-01 14:39:33.719870,9.190359,CANCELED
c9c57c19f6a7a7489ca49d2720fa9567,ASK,1.06830000,2025-05-01 14:39:24.529511,2025-05-01 14:39:24.529511,0.000000,ACTIVE
ac2bbb2db08cfebbdbde29fe25ce4f47,BID,1.06240000,2025-05-01 14:39:24.529511,2025-05-01 14:39:24.529511,0.000000,ACTIVE
65231294b3295c29a4208fcbfde36cc4,BID,1.06110000,2025-05-01 14:39:24.529511,2025-05-01 14:39:24.529511,0.000000,ACTIVE
9d91c8bce8d158c18fd4a9ae10e5fea3,ASK,1.06510000,2025-05-01 14:39:24.529511,2025-05-01 14:39:58.524253,33.994742,CANCELED
6f4a6f7f5a417f6dc317ce2519d4e0fe,BID,1.05980000,2025-05-01 14:39:24.529511,2025-05-01 14:39:44.666088,20.136577,CANCELED
87a2d4f1161cb8a663c67c7741be75e8,BID,1.06340000,2025-05-01 14:39:24.529511,2025-05-01 14:39:24.529511,0.000000,ACTIVE
6ee52752320482b2edf46c501760f0ff,BID,1.05380000,2025-05-01 14:39:22.695856,2025-05-01 14:39:22.695856,0.000000,ACTIVE
bfc908a6ba9a25db9e62956760eeddd5,ASK,1.07180000,2025-05-01 14:39:22.695856,2025-05-01 14:39:22.695856,0.000000,ACTIVE
edb53eaa02b0db69b3a72b0c6630bd3c,BID,1.06350000,2025-05-01 14:39:22.695856,2025-05-01 14:39:33.719870,11.024014,CANCELED
de8b58f946738280cfda20cf25dbe7cc,ASK,1.07140000,2025-05-01 14:39:22.695856,2025-05-01 14:39:22.695856,0.000000,ACTIVE
43a701cc89ec60067f9f69dfb1365424,BID,1.06340000,2025-05-01 14:39:22.695856,2025-05-01 14:39:22.695856,0.000000,ACTIVE
991c9a84a5b39c89d33e1e5167bbfc98,ASK,1.06940000,2025-05-01 14:39:22.695856,2025-05-01 14:40:12.446244,49.750388,ACTIVE
9100cec38962f0fef6b93d082bb6adf6,BID,1.05940000,2025-05-01 14:39:22.695856,2025-05-01 14:39:31.069134,8.373278,CANCELED
0fc2f8291e09e5087091121389f02505,ASK,1.06500000,2025-05-01 14:39:22.695856,2025-05-01 14:39:22.695856,0.000000,ACTIVE
52089b5aaa48ee981a04cef343032254,BID,1.06330000,2025-05-01 14:39:22.695856,2025-05-01 14:40:12.446244,49.750388,CANCELED
2118d59d4c75ddc1a6e55c2d6ed2ce3a,BID,1.06080000,2025-05-01 14:39:22.695856,2025-05-01 14:39:58.280216,35.584360,CANCELED
f50dd569df06772ee4d0953a05839b3c,BID,1.05490000,2025-05-01 14:39:22.695856,2025-05-01 14:40:12.446244,49.750388,ACTIVE
1d6f7a32dca0a49dde7a54dfb4162fe7,ASK,1.06490000,2025-05-01 14:39:22.695856,2025-05-01 14:39:45.145138,22.449282,CANCELED
0d5c1d72f574afb3bacb0a984ef47f8f,ASK,1.06440000,2025-05-01 14:39:22.695856,2025-05-01 14:39:35.393394,12.697538,CANCELED
92edcd1af8e1ae4f3de4725b97955f7d,ASK,1.07390000,2025-05-01 14:39:22.695856,2025-05-01 14:39:31.069134,8.373278,ACTIVE
