price,quantity,order_type,timestamp,value
0.8642,342.0,BID,2025-04-23 23:19:25.118841,295.5564
0.8641,393.0,BID,2025-04-23 23:19:25.118841,339.5913
0.864,1357.0,BID,2025-04-23 23:19:25.118841,1172.448
0.8639,4736.0,BID,2025-04-23 23:19:25.118841,4091.4304
0.8638,6424.0,BID,2025-04-23 23:19:25.118841,5549.0512
0.8637,8539.0,BID,2025-04-23 23:19:25.118841,7375.134300000001
0.8636,9194.0,BID,2025-04-23 23:19:25.118841,7939.9384
0.8635,14988.0,BID,2025-04-23 23:19:25.118841,12942.138
0.8634,6597.0,BID,2025-04-23 23:19:25.118841,5695.8498
0.8633,7559.0,BID,2025-04-23 23:19:25.118841,6525.6847
0.8632,8241.0,BID,2025-04-23 23:19:25.118841,7113.6312
0.8631,8105.0,BID,2025-04-23 23:19:25.118841,6995.425499999999
0.863,6474.0,BID,2025-04-23 23:19:25.118841,5587.062
0.8629,5785.0,BID,2025-04-23 23:19:25.118841,4991.8765
0.8628,8317.0,BID,2025-04-23 23:19:25.118841,7175.9076000000005
0.8627,10983.0,BID,2025-04-23 23:19:25.118841,9475.0341
0.8626,7630.0,BID,2025-04-23 23:19:25.118841,6581.638
0.8625,8289.0,BID,2025-04-23 23:19:25.118841,7149.262500000001
0.8624,12991.0,BID,2025-04-23 23:19:25.118841,11203.438400000001
0.8623,12026.0,BID,2025-04-23 23:19:25.118841,10370.0198
0.8622,16542.0,BID,2025-04-23 23:19:25.118841,14262.5124
0.8621,7679.0,BID,2025-04-23 23:19:25.118841,6620.0659
0.862,8983.0,BID,2025-04-23 23:19:25.118841,7743.346
0.8619,10359.0,BID,2025-04-23 23:19:25.118841,8928.4221
0.8618,8292.0,BID,2025-04-23 23:19:25.118841,7146.0456
0.8617,7357.0,BID,2025-04-23 23:19:25.118841,6339.5269
0.8616,19400.0,BID,2025-04-23 23:19:25.118841,16715.04
0.8615,28344.0,BID,2025-04-23 23:19:25.118841,24418.356
0.8614,21431.0,BID,2025-04-23 23:19:25.118841,18460.6634
0.8613,18894.0,BID,2025-04-23 23:19:25.118841,16273.402199999999
0.8612,25245.0,BID,2025-04-23 23:19:25.118841,21740.994
0.8611,38222.0,BID,2025-04-23 23:19:25.118841,32912.9642
0.861,7643.0,BID,2025-04-23 23:19:25.118841,6580.623
0.8609,2488.0,BID,2025-04-23 23:19:25.118841,2141.9192
0.8608,7338.0,BID,2025-04-23 23:19:25.118841,6316.5504
0.8607,10745.0,BID,2025-04-23 23:19:25.118841,9248.2215
0.8606,7614.0,BID,2025-04-23 23:19:25.118841,6552.6084
0.8605,4765.0,BID,2025-04-23 23:19:25.118841,4100.2825
0.8604,6470.0,BID,2025-04-23 23:19:25.118841,5566.7880000000005
0.8603,10029.0,BID,2025-04-23 23:19:25.118841,8627.948699999999
0.8602,14508.0,BID,2025-04-23 23:19:25.118841,12479.7816
0.8601,9767.0,BID,2025-04-23 23:19:25.118841,8400.5967
0.86,6573.0,BID,2025-04-23 23:19:25.118841,5652.78
0.8599,4468.0,BID,2025-04-23 23:19:25.118841,3842.0332
0.8598,9606.0,BID,2025-04-23 23:19:25.118841,8259.238800000001
0.8597,18669.0,BID,2025-04-23 23:19:25.118841,16049.739300000001
0.8596,3518.0,BID,2025-04-23 23:19:25.118841,3024.0728
0.8595,5112.0,BID,2025-04-23 23:19:25.118841,4393.764
0.8594,3170.0,BID,2025-04-23 23:19:25.118841,2724.2980000000002
0.8593,8763.0,BID,2025-04-23 23:19:25.118841,7530.045899999999
0.8592,3144.0,BID,2025-04-23 23:19:25.118841,2701.3248
0.8591,3567.0,BID,2025-04-23 23:19:25.118841,3064.4096999999997
0.859,7439.0,BID,2025-04-23 23:19:25.118841,6390.101
0.8589,4437.0,BID,2025-04-23 23:19:25.118841,3810.9393
0.8588,23149.0,BID,2025-04-23 23:19:25.118841,19880.3612
0.8587,9129.0,BID,2025-04-23 23:19:25.118841,7839.0723
0.8586,31115.0,BID,2025-04-23 23:19:25.118841,26715.339
0.8585,2029.0,BID,2025-04-23 23:19:25.118841,1741.8965
0.8584,8303.0,BID,2025-04-23 23:19:25.118841,7127.2952000000005
0.8583,9641.0,BID,2025-04-23 23:19:25.118841,8274.870299999999
0.8582,59573.0,BID,2025-04-23 23:19:25.118841,51125.548599999995
0.8581,9290.0,BID,2025-04-23 23:19:25.118841,7971.749
0.858,3084.0,BID,2025-04-23 23:19:25.118841,2646.072
0.8579,1177.0,BID,2025-04-23 23:19:25.118841,1009.7483
0.8578,5487.0,BID,2025-04-23 23:19:25.118841,4706.7486
0.8577,1247.0,BID,2025-04-23 23:19:25.118841,1069.5519
0.8576,7411.0,BID,2025-04-23 23:19:25.118841,6355.6736
0.8575,9088.0,BID,2025-04-23 23:19:25.118841,7792.96
0.8574,1342.0,BID,2025-04-23 23:19:25.118841,1150.6308000000001
0.8573,1685.0,BID,2025-04-23 23:19:25.118841,1444.5504999999998
0.8572,63512.0,BID,2025-04-23 23:19:25.118841,54442.486399999994
0.8571,2001.0,BID,2025-04-23 23:19:25.118841,1715.0571
0.857,1948.0,BID,2025-04-23 23:19:25.118841,1669.436
0.8569,5751.0,BID,2025-04-23 23:19:25.118841,4928.0319
0.8568,11589.0,BID,2025-04-23 23:19:25.118841,9929.4552
0.8567,821.0,BID,2025-04-23 23:19:25.118841,703.3507
0.8566,5202.0,BID,2025-04-23 23:19:25.118841,4456.0332
0.8565,836.0,BID,2025-04-23 23:19:25.118841,716.034
0.8564,2493.0,BID,2025-04-23 23:19:25.118841,2135.0052
0.8563,4693.0,BID,2025-04-23 23:19:25.118841,4018.6159
0.8562,102.0,BID,2025-04-23 23:19:25.118841,87.33239999999999
0.8561,1729.0,BID,2025-04-23 23:19:25.118841,1480.1969
0.856,4875.0,BID,2025-04-23 23:19:25.118841,4173.0
0.8559,36673.0,BID,2025-04-23 23:19:25.118841,31388.4207
0.8558,40.0,BID,2025-04-23 23:19:25.118841,34.232
0.8557,5102.0,BID,2025-04-23 23:19:25.118841,4365.7814
0.8556,494.0,BID,2025-04-23 23:19:25.118841,422.6664
0.8555,122.0,BID,2025-04-23 23:19:25.118841,104.37100000000001
0.8554,10058.0,BID,2025-04-23 23:19:25.118841,8603.6132
0.8553,1804.0,BID,2025-04-23 23:19:25.118841,1542.9612
0.8552,6819.0,BID,2025-04-23 23:19:25.118841,5831.6088
0.8551,14862.0,BID,2025-04-23 23:19:25.118841,12708.4962
0.855,3246.0,BID,2025-04-23 23:19:25.118841,2775.33
0.8549,893.0,BID,2025-04-23 23:19:25.118841,763.4257
0.8548,10499.0,BID,2025-04-23 23:19:25.118841,8974.5452
0.8547,37.0,BID,2025-04-23 23:19:25.118841,31.6239
0.8546,697.0,BID,2025-04-23 23:19:25.118841,595.6562
0.8545,4732.0,BID,2025-04-23 23:19:25.118841,4043.494
0.8544,30.0,BID,2025-04-23 23:19:25.118841,25.632
0.8543,40.0,BID,2025-04-23 23:19:25.118841,34.172
0.8542,4833.0,BID,2025-04-23 23:19:25.118841,4128.348599999999
0.8541,464.0,BID,2025-04-23 23:19:25.118841,396.3024
0.854,2309.0,BID,2025-04-23 23:19:25.118841,1971.886
0.8539,4728.0,BID,2025-04-23 23:19:25.118841,4037.2392
0.8538,1557.0,BID,2025-04-23 23:19:25.118841,1329.3666
0.8537,68.0,BID,2025-04-23 23:19:25.118841,58.0516
0.8536,8288.0,BID,2025-04-23 23:19:25.118841,7074.6368
0.8535,25789.0,BID,2025-04-23 23:19:25.118841,22010.911500000002
0.8533,8217.0,BID,2025-04-23 23:19:25.118841,7011.5661
0.8532,16.0,BID,2025-04-23 23:19:25.118841,13.6512
0.8531,31972.0,BID,2025-04-23 23:19:25.118841,27275.3132
0.853,4874.0,BID,2025-04-23 23:19:25.118841,4157.522
0.8528,500.0,BID,2025-04-23 23:19:25.118841,426.4
0.8527,4490.0,BID,2025-04-23 23:19:25.118841,3828.623
0.8526,138.0,BID,2025-04-23 23:19:25.118841,117.6588
0.8525,39304.0,BID,2025-04-23 23:19:25.118841,33506.66
0.8524,4833.0,BID,2025-04-23 23:19:25.118841,4119.6492
0.8523,1358.0,BID,2025-04-23 23:19:25.118841,1157.4234
0.8522,11.0,BID,2025-04-23 23:19:25.118841,9.3742
0.8521,3612.0,BID,2025-04-23 23:19:25.118841,3077.7852
0.852,16206.0,BID,2025-04-23 23:19:25.118841,13807.511999999999
0.8519,517.0,BID,2025-04-23 23:19:25.118841,440.4323
0.8518,3621.0,BID,2025-04-23 23:19:25.118841,3084.3678
0.8517,2356.0,BID,2025-04-23 23:19:25.118841,2006.6052
0.8516,23.0,BID,2025-04-23 23:19:25.118841,19.5868
0.8515,7374.0,BID,2025-04-23 23:19:25.118841,6278.961
0.8514,7.0,BID,2025-04-23 23:19:25.118841,5.9598
0.8513,1194.0,BID,2025-04-23 23:19:25.118841,1016.4522
0.8512,3774.0,BID,2025-04-23 23:19:25.118841,3212.4287999999997
0.8511,488.0,BID,2025-04-23 23:19:25.118841,415.3368
0.851,1173.0,BID,2025-04-23 23:19:25.118841,998.223
0.8509,10965.0,BID,2025-04-23 23:19:25.118841,9330.1185
0.8508,2248.0,BID,2025-04-23 23:19:25.118841,1912.5984
0.8507,21.0,BID,2025-04-23 23:19:25.118841,17.8647
0.8506,3604.0,BID,2025-04-23 23:19:25.118841,3065.5624000000003
0.8505,20.0,BID,2025-04-23 23:19:25.118841,17.01
0.8504,7.0,BID,2025-04-23 23:19:25.118841,5.9528
0.8503,9241.0,BID,2025-04-23 23:19:25.118841,7857.622299999999
0.8502,2067.0,BID,2025-04-23 23:19:25.118841,1757.3634
0.8501,162.0,BID,2025-04-23 23:19:25.118841,137.7162
0.85,17670.0,BID,2025-04-23 23:19:25.118841,15019.5
0.8499,1251.0,BID,2025-04-23 23:19:25.118841,1063.2249
0.8498,3302.0,BID,2025-04-23 23:19:25.118841,2806.0396
0.8497,6195.0,BID,2025-04-23 23:19:25.118841,5263.8915
0.8496,583.0,BID,2025-04-23 23:19:25.118841,495.3168
0.8495,994.0,BID,2025-04-23 23:19:25.118841,844.403
0.8494,3630.0,BID,2025-04-23 23:19:25.118841,3083.322
0.8493,578.0,BID,2025-04-23 23:19:25.118841,490.89540000000005
0.8492,23.0,BID,2025-04-23 23:19:25.118841,19.531599999999997
0.8491,3604.0,BID,2025-04-23 23:19:25.118841,3060.1564
0.849,941.0,BID,2025-04-23 23:19:25.118841,798.909
0.8489,419.0,BID,2025-04-23 23:19:25.118841,355.6891
0.8488,15712.0,BID,2025-04-23 23:19:25.118841,13336.3456
0.8487,2357.0,BID,2025-04-23 23:19:25.118841,2000.3859
0.8486,1178.0,BID,2025-04-23 23:19:25.118841,999.6508
0.8485,3633.0,BID,2025-04-23 23:19:25.118841,3082.6005
0.8484,7.0,BID,2025-04-23 23:19:25.118841,5.9388000000000005
0.8483,62.0,BID,2025-04-23 23:19:25.118841,52.5946
0.8482,6898.0,BID,2025-04-23 23:19:25.118841,5850.8836
0.848,100.0,BID,2025-04-23 23:19:25.118841,84.8
0.8479,3609.0,BID,2025-04-23 23:19:25.118841,3060.0711
0.8478,4163.0,BID,2025-04-23 23:19:25.118841,3529.3914
0.8476,4295.0,BID,2025-04-23 23:19:25.118841,3640.442
0.8475,5017.0,BID,2025-04-23 23:19:25.118841,4251.9075
0.8473,9155.0,BID,2025-04-23 23:19:25.118841,7757.0315
0.8472,662.0,BID,2025-04-23 23:19:25.118841,560.8464
0.8471,113.0,BID,2025-04-23 23:19:25.118841,95.72229999999999
0.847,7004.0,BID,2025-04-23 23:19:25.118841,5932.388
0.8469,4014.0,BID,2025-04-23 23:19:25.118841,3399.4566
0.8468,15806.0,BID,2025-04-23 23:19:25.118841,13384.5208
0.8467,4014.0,BID,2025-04-23 23:19:25.118841,3398.6538
0.8466,4843.0,BID,2025-04-23 23:19:25.118841,4100.0838
0.8465,5283.0,BID,2025-04-23 23:19:25.118841,4472.0595
0.8464,28198.0,BID,2025-04-23 23:19:25.118841,23866.787200000002
0.8463,1495.0,BID,2025-04-23 23:19:25.118841,1265.2185000000002
0.8462,6127.0,BID,2025-04-23 23:19:25.118841,5184.667399999999
0.846,304.0,BID,2025-04-23 23:19:25.118841,257.18399999999997
0.8459,1623.0,BID,2025-04-23 23:19:25.118841,1372.8957
0.8458,3315.0,BID,2025-04-23 23:19:25.118841,2803.8269999999998
0.8457,35.0,BID,2025-04-23 23:19:25.118841,29.5995
0.8456,137.0,BID,2025-04-23 23:19:25.118841,115.8472
0.8455,1074.0,BID,2025-04-23 23:19:25.118841,908.067
0.8454,30.0,BID,2025-04-23 23:19:25.118841,25.362000000000002
0.8452,3330.0,BID,2025-04-23 23:19:25.118841,2814.5159999999996
0.8451,1007.0,BID,2025-04-23 23:19:25.118841,851.0156999999999
0.845,7115.0,BID,2025-04-23 23:19:25.118841,6012.175
0.8449,90.0,BID,2025-04-23 23:19:25.118841,76.041
0.8448,2387.0,BID,2025-04-23 23:19:25.118841,2016.5375999999999
0.8447,70.0,BID,2025-04-23 23:19:25.118841,59.129
0.8446,1329.0,BID,2025-04-23 23:19:25.118841,1122.4734
0.8445,7113.0,BID,2025-04-23 23:19:25.118841,6006.9285
0.8442,10033.0,BID,2025-04-23 23:19:25.118841,8469.8586
0.8441,126.0,BID,2025-04-23 23:19:25.118841,106.3566
0.844,2052.0,BID,2025-04-23 23:19:25.118841,1731.888
0.8439,21.0,BID,2025-04-23 23:19:25.118841,17.721899999999998
0.8437,7621.0,BID,2025-04-23 23:19:25.118841,6429.8377
0.8436,49.0,BID,2025-04-23 23:19:25.118841,41.3364
0.8434,200.0,BID,2025-04-23 23:19:25.118841,168.68
0.8433,16584.0,BID,2025-04-23 23:19:25.118841,13985.2872
0.8432,38784.0,BID,2025-04-23 23:19:25.118841,32702.6688
0.8431,5934.0,BID,2025-04-23 23:19:25.118841,5002.9554
0.843,1285.0,BID,2025-04-23 23:19:25.118841,1083.2549999999999
0.8429,491.0,BID,2025-04-23 23:19:25.118841,413.8639
0.8428,123.0,BID,2025-04-23 23:19:25.118841,103.6644
0.8427,18619.0,BID,2025-04-23 23:19:25.118841,15690.2313
0.8426,50.0,BID,2025-04-23 23:19:25.118841,42.13
0.8425,1187.0,BID,2025-04-23 23:19:25.118841,1000.0475
0.8424,3323.0,BID,2025-04-23 23:19:25.118841,2799.2952
0.8423,28.0,BID,2025-04-23 23:19:25.118841,23.584400000000002
0.8422,155.0,BID,2025-04-23 23:19:25.118841,130.541
0.8421,1187.0,BID,2025-04-23 23:19:25.118841,999.5726999999999
0.842,142.0,BID,2025-04-23 23:19:25.118841,119.564
0.8418,8.0,BID,2025-04-23 23:19:25.118841,6.7344
0.8417,238.0,BID,2025-04-23 23:19:25.118841,200.3246
0.8416,396.0,BID,2025-04-23 23:19:25.118841,333.2736
0.8415,14.0,BID,2025-04-23 23:19:25.118841,11.781
0.8414,14362.0,BID,2025-04-23 23:19:25.118841,12084.186800000001
0.8413,191.0,BID,2025-04-23 23:19:25.118841,160.6883
0.8412,1258.0,BID,2025-04-23 23:19:25.118841,1058.2296
0.8411,3315.0,BID,2025-04-23 23:19:25.118841,2788.2464999999997
0.841,1677.0,BID,2025-04-23 23:19:25.118841,1410.357
0.8409,4654.0,BID,2025-04-23 23:19:25.118841,3913.5486
0.8408,3729.0,BID,2025-04-23 23:19:25.118841,3135.3432
0.8407,18.0,BID,2025-04-23 23:19:25.118841,15.1326
0.8406,5092.0,BID,2025-04-23 23:19:25.118841,4280.3352
0.8405,8.0,BID,2025-04-23 23:19:25.118841,6.724
0.8403,229.0,BID,2025-04-23 23:19:25.118841,192.42870000000002
0.8401,6047.0,BID,2025-04-23 23:19:25.118841,5080.084699999999
0.84,11011.0,BID,2025-04-23 23:19:25.118841,9249.24
0.8399,9417.0,BID,2025-04-23 23:19:25.118841,7909.338299999999
0.8397,171.0,BID,2025-04-23 23:19:25.118841,143.5887
0.8396,467.0,BID,2025-04-23 23:19:25.118841,392.0932
0.8395,143.0,BID,2025-04-23 23:19:25.118841,120.0485
0.8393,64.0,BID,2025-04-23 23:19:25.118841,53.7152
0.8392,141.0,BID,2025-04-23 23:19:25.118841,118.32719999999999
0.8391,84.0,BID,2025-04-23 23:19:25.118841,70.4844
0.839,468.0,BID,2025-04-23 23:19:25.118841,392.652
0.8388,4467.0,BID,2025-04-23 23:19:25.118841,3746.9196
0.8387,581.0,BID,2025-04-23 23:19:25.118841,487.2847
0.8386,902.0,BID,2025-04-23 23:19:25.118841,756.4172
0.8384,312.0,BID,2025-04-23 23:19:25.118841,261.5808
0.8383,645.0,BID,2025-04-23 23:19:25.118841,540.7035000000001
0.8382,621.0,BID,2025-04-23 23:19:25.118841,520.5222
0.8381,52.0,BID,2025-04-23 23:19:25.118841,43.581199999999995
0.838,4730.0,BID,2025-04-23 23:19:25.118841,3963.74
0.8379,264.0,BID,2025-04-23 23:19:25.118841,221.2056
0.8378,321.0,BID,2025-04-23 23:19:25.118841,268.9338
0.8377,3599.0,BID,2025-04-23 23:19:25.118841,3014.8823
0.8376,21.0,BID,2025-04-23 23:19:25.118841,17.5896
0.8375,2099.0,BID,2025-04-23 23:19:25.118841,1757.9125000000001
0.8372,21.0,BID,2025-04-23 23:19:25.118841,17.581200000000003
0.8371,250.0,BID,2025-04-23 23:19:25.118841,209.27499999999998
0.837,2780.0,BID,2025-04-23 23:19:25.118841,2326.86
0.8369,454.0,BID,2025-04-23 23:19:25.118841,379.95259999999996
0.8368,47.0,BID,2025-04-23 23:19:25.118841,39.3296
0.8367,3544.0,BID,2025-04-23 23:19:25.118841,2965.2648
0.8366,828.0,BID,2025-04-23 23:19:25.118841,692.7048
0.8365,1093.0,BID,2025-04-23 23:19:25.118841,914.2945
0.8364,56.0,BID,2025-04-23 23:19:25.118841,46.8384
0.8363,234.0,BID,2025-04-23 23:19:25.118841,195.69420000000002
0.8362,588.0,BID,2025-04-23 23:19:25.118841,491.6856
0.8361,494.0,BID,2025-04-23 23:19:25.118841,413.0334
0.836,16597.0,BID,2025-04-23 23:19:25.118841,13875.091999999999
0.8359,29.0,BID,2025-04-23 23:19:25.118841,24.2411
0.8358,3294.0,BID,2025-04-23 23:19:25.118841,2753.1252
0.8357,259.0,BID,2025-04-23 23:19:25.118841,216.4463
0.8356,1172.0,BID,2025-04-23 23:19:25.118841,979.3232
0.8355,12.0,BID,2025-04-23 23:19:25.118841,10.026
0.8354,2034.0,BID,2025-04-23 23:19:25.118841,1699.2036
0.8353,226.0,BID,2025-04-23 23:19:25.118841,188.7778
0.8352,260.0,BID,2025-04-23 23:19:25.118841,217.15200000000002
0.8351,767.0,BID,2025-04-23 23:19:25.118841,640.5217
0.835,5309.0,BID,2025-04-23 23:19:25.118841,4433.014999999999
0.8349,3828.0,BID,2025-04-23 23:19:25.118841,3195.9972
0.8348,367.0,BID,2025-04-23 23:19:25.118841,306.3716
0.8345,137.0,BID,2025-04-23 23:19:25.118841,114.3265
0.8344,482.0,BID,2025-04-23 23:19:25.118841,402.18080000000003
0.8343,260.0,BID,2025-04-23 23:19:25.118841,216.918
0.8342,12.0,BID,2025-04-23 23:19:25.118841,10.0104
0.834,3294.0,BID,2025-04-23 23:19:25.118841,2747.196
0.8338,3735.0,BID,2025-04-23 23:19:25.118841,3114.243
0.8335,2141.0,BID,2025-04-23 23:19:25.118841,1784.5235
0.8334,29.0,BID,2025-04-23 23:19:25.118841,24.1686
0.8333,725.0,BID,2025-04-23 23:19:25.118841,604.1425
0.8332,3679.0,BID,2025-04-23 23:19:25.118841,3065.3428000000004
0.8331,1159.0,BID,2025-04-23 23:19:25.118841,965.5628999999999
0.833,3517.0,BID,2025-04-23 23:19:25.118841,2929.661
0.8328,1393.0,BID,2025-04-23 23:19:25.118841,1160.0904
0.8325,3294.0,BID,2025-04-23 23:19:25.118841,2742.255
0.8324,44.0,BID,2025-04-23 23:19:25.118841,36.6256
0.8323,1383.0,BID,2025-04-23 23:19:25.118841,1151.0709000000002
0.8322,462.0,BID,2025-04-23 23:19:25.118841,384.4764
0.8321,116.0,BID,2025-04-23 23:19:25.118841,96.52359999999999
0.832,5065.0,BID,2025-04-23 23:19:25.118841,4214.08
0.8319,587.0,BID,2025-04-23 23:19:25.118841,488.32529999999997
0.8318,3525.0,BID,2025-04-23 23:19:25.118841,2932.095
0.8316,8.0,BID,2025-04-23 23:19:25.118841,6.6528
0.8315,334.0,BID,2025-04-23 23:19:25.118841,277.721
0.8314,398.0,BID,2025-04-23 23:19:25.118841,330.8972
0.8313,36.0,BID,2025-04-23 23:19:25.118841,29.9268
0.8312,11191.0,BID,2025-04-23 23:19:25.118841,9301.959200000001
0.8311,25.0,BID,2025-04-23 23:19:25.118841,20.7775
0.831,5499.0,BID,2025-04-23 23:19:25.118841,4569.669
0.8308,49.0,BID,2025-04-23 23:19:25.118841,40.709199999999996
0.8307,78.0,BID,2025-04-23 23:19:25.118841,64.7946
0.8306,19917.0,BID,2025-04-23 23:19:25.118841,16543.0602
0.8305,22357.0,BID,2025-04-23 23:19:25.118841,18567.4885
0.8304,2341.0,BID,2025-04-23 23:19:25.118841,1943.9664
0.8303,57.0,BID,2025-04-23 23:19:25.118841,47.3271
0.8302,160.0,BID,2025-04-23 23:19:25.118841,132.832
0.8301,3408.0,BID,2025-04-23 23:19:25.118841,2828.9808
0.83,17014.0,BID,2025-04-23 23:19:25.118841,14121.619999999999
0.8298,8.0,BID,2025-04-23 23:19:25.118841,6.6384
0.8297,307.0,BID,2025-04-23 23:19:25.118841,254.7179
0.8296,3324.0,BID,2025-04-23 23:19:25.118841,2757.5904
0.8295,30.0,BID,2025-04-23 23:19:25.118841,24.885
0.8294,25.0,BID,2025-04-23 23:19:25.118841,20.735
0.8293,7.0,BID,2025-04-23 23:19:25.118841,5.8051
0.8292,18.0,BID,2025-04-23 23:19:25.118841,14.925600000000001
0.8291,3324.0,BID,2025-04-23 23:19:25.118841,2755.9284
0.8289,2050.0,BID,2025-04-23 23:19:25.118841,1699.245
0.8287,3294.0,BID,2025-04-23 23:19:25.118841,2729.7378
0.8286,146.0,BID,2025-04-23 23:19:25.118841,120.9756
0.8284,5430.0,BID,2025-04-23 23:19:25.118841,4498.212
0.8283,3294.0,BID,2025-04-23 23:19:25.118841,2728.4202
0.8281,25.0,BID,2025-04-23 23:19:25.118841,20.702499999999997
0.828,3294.0,BID,2025-04-23 23:19:25.118841,2727.432
0.8279,251.0,BID,2025-04-23 23:19:25.118841,207.8029
0.8277,3294.0,BID,2025-04-23 23:19:25.118841,2726.4438
0.8276,21.0,BID,2025-04-23 23:19:25.118841,17.3796
0.8275,6819.0,BID,2025-04-23 23:19:25.118841,5642.7225
0.8274,4493.0,BID,2025-04-23 23:19:25.118841,3717.5082
0.8273,250.0,BID,2025-04-23 23:19:25.118841,206.82500000000002
0.8271,3324.0,BID,2025-04-23 23:19:25.118841,2749.2803999999996
0.827,6061.0,BID,2025-04-23 23:19:25.118841,5012.447
0.8269,3327.0,BID,2025-04-23 23:19:25.118841,2751.0962999999997
0.8268,3490.0,BID,2025-04-23 23:19:25.118841,2885.532
0.8267,3294.0,BID,2025-04-23 23:19:25.118841,2723.1498
0.8266,3294.0,BID,2025-04-23 23:19:25.118841,2722.8204
0.8265,1382.0,BID,2025-04-23 23:19:25.118841,1142.223
0.8264,3368.0,BID,2025-04-23 23:19:25.118841,2783.3152
0.8263,3313.0,BID,2025-04-23 23:19:25.118841,2737.5319
0.8262,3594.0,BID,2025-04-23 23:19:25.118841,2969.3628000000003
0.8261,12672.0,BID,2025-04-23 23:19:25.118841,10468.339199999999
0.826,13266.0,BID,2025-04-23 23:19:25.118841,10957.715999999999
0.8259,19798.0,BID,2025-04-23 23:19:25.118841,16351.1682
0.8257,41.0,BID,2025-04-23 23:19:25.118841,33.853699999999996
0.8256,58.0,BID,2025-04-23 23:19:25.118841,47.8848
0.8255,37.0,BID,2025-04-23 23:19:25.118841,30.5435
0.8251,13.0,BID,2025-04-23 23:19:25.118841,10.726299999999998
0.825,526.0,BID,2025-04-23 23:19:25.118841,433.95
0.8249,72.0,BID,2025-04-23 23:19:25.118841,59.392799999999994
0.8247,2771.0,BID,2025-04-23 23:19:25.118841,2285.2437
0.8246,8.0,BID,2025-04-23 23:19:25.118841,6.5968
0.8245,19.0,BID,2025-04-23 23:19:25.118841,15.6655
0.8244,3532.0,BID,2025-04-23 23:19:25.118841,2911.7808
0.8242,251.0,BID,2025-04-23 23:19:25.118841,206.8742
0.8241,50.0,BID,2025-04-23 23:19:25.118841,41.205000000000005
0.824,318.0,BID,2025-04-23 23:19:25.118841,262.032
0.8238,21.0,BID,2025-04-23 23:19:25.118841,17.2998
0.8237,667.0,BID,2025-04-23 23:19:25.118841,549.4079
0.8236,1221.0,BID,2025-04-23 23:19:25.118841,1005.6156
0.8235,58.0,BID,2025-04-23 23:19:25.118841,47.763
0.8233,11384.0,BID,2025-04-23 23:19:25.118841,9372.4472
0.8232,39687.0,BID,2025-04-23 23:19:25.118841,32670.3384
0.8231,87.0,BID,2025-04-23 23:19:25.118841,71.6097
0.823,60.0,BID,2025-04-23 23:19:25.118841,49.379999999999995
0.8229,13.0,BID,2025-04-23 23:19:25.118841,10.6977
0.8228,79.0,BID,2025-04-23 23:19:25.118841,65.0012
0.8226,651.0,BID,2025-04-23 23:19:25.118841,535.5126
0.8225,216.0,BID,2025-04-23 23:19:25.118841,177.66
0.8224,13633.0,BID,2025-04-23 23:19:25.118841,11211.7792
0.8223,6862.0,BID,2025-04-23 23:19:25.118841,5642.622600000001
0.8221,76.0,BID,2025-04-23 23:19:25.118841,62.479600000000005
0.822,14.0,BID,2025-04-23 23:19:25.118841,11.508
0.8219,21.0,BID,2025-04-23 23:19:25.118841,17.2599
0.8218,37.0,BID,2025-04-23 23:19:25.118841,30.406599999999997
0.8217,6092.0,BID,2025-04-23 23:19:25.118841,5005.7964
0.8216,116.0,BID,2025-04-23 23:19:25.118841,95.3056
0.8214,139.0,BID,2025-04-23 23:19:25.118841,114.1746
0.8213,2617.0,BID,2025-04-23 23:19:25.118841,2149.3421000000003
0.8211,8.0,BID,2025-04-23 23:19:25.118841,6.5688
0.821,131.0,BID,2025-04-23 23:19:25.118841,107.55099999999999
0.8208,50.0,BID,2025-04-23 23:19:25.118841,41.04
0.8206,292.0,BID,2025-04-23 23:19:25.118841,239.6152
0.8204,9.0,BID,2025-04-23 23:19:25.118841,7.3836
0.8202,30.0,BID,2025-04-23 23:19:25.118841,24.606
0.82,31170.0,BID,2025-04-23 23:19:25.118841,25559.399999999998
0.8199,7.0,BID,2025-04-23 23:19:25.118841,5.7393
0.8198,4323.0,BID,2025-04-23 23:19:25.118841,3543.9954
0.8197,12.0,BID,2025-04-23 23:19:25.118841,9.8364
0.8196,2679.0,BID,2025-04-23 23:19:25.118841,2195.7084
0.8193,8.0,BID,2025-04-23 23:19:25.118841,6.5544
0.819,2459.0,BID,2025-04-23 23:19:25.118841,2013.9209999999998
0.8188,2171.0,BID,2025-04-23 23:19:25.118841,1777.6147999999998
0.8187,100.0,BID,2025-04-23 23:19:25.118841,81.87
0.8185,5276.0,BID,2025-04-23 23:19:25.118841,4318.406
0.8184,20.0,BID,2025-04-23 23:19:25.118841,16.368000000000002
0.8183,48.0,BID,2025-04-23 23:19:25.118841,39.278400000000005
0.8182,64.0,BID,2025-04-23 23:19:25.118841,52.3648
0.8181,1241.0,BID,2025-04-23 23:19:25.118841,1015.2621
0.818,94.0,BID,2025-04-23 23:19:25.118841,76.892
0.8179,1230.0,BID,2025-04-23 23:19:25.118841,1006.0169999999999
0.8178,218.0,BID,2025-04-23 23:19:25.118841,178.2804
0.8177,4902.0,BID,2025-04-23 23:19:25.118841,4008.3654
0.8176,18.0,BID,2025-04-23 23:19:25.118841,14.7168
0.8172,57.0,BID,2025-04-23 23:19:25.118841,46.580400000000004
0.8171,145.0,BID,2025-04-23 23:19:25.118841,118.4795
0.817,9108.0,BID,2025-04-23 23:19:25.118841,7441.236
0.8169,50.0,BID,2025-04-23 23:19:25.118841,40.845
0.8168,293.0,BID,2025-04-23 23:19:25.118841,239.3224
0.8165,7650.0,BID,2025-04-23 23:19:25.118841,6246.225
0.8163,13.0,BID,2025-04-23 23:19:25.118841,10.6119
0.8162,15.0,BID,2025-04-23 23:19:25.118841,12.243
0.8161,22.0,BID,2025-04-23 23:19:25.118841,17.9542
0.816,2004.0,BID,2025-04-23 23:19:25.118841,1635.264
0.8159,8.0,BID,2025-04-23 23:19:25.118841,6.5272
0.8158,26.0,BID,2025-04-23 23:19:25.118841,21.2108
0.8157,25.0,BID,2025-04-23 23:19:25.118841,20.3925
0.8156,1472.0,BID,2025-04-23 23:19:25.118841,1200.5632
0.8155,7.0,BID,2025-04-23 23:19:25.118841,5.7085
0.8154,1226.0,BID,2025-04-23 23:19:25.118841,999.6804
0.815,3729.0,BID,2025-04-23 23:19:25.118841,3039.1349999999998
0.8148,19.0,BID,2025-04-23 23:19:25.118841,15.4812
0.8146,133.0,BID,2025-04-23 23:19:25.118841,108.34179999999999
0.8144,236.0,BID,2025-04-23 23:19:25.118841,192.1984
0.8143,7.0,BID,2025-04-23 23:19:25.118841,5.7001
0.8142,390.0,BID,2025-04-23 23:19:25.118841,317.538
0.8141,88.0,BID,2025-04-23 23:19:25.118841,71.6408
0.814,5036.0,BID,2025-04-23 23:19:25.118841,4099.304
0.8139,122.0,BID,2025-04-23 23:19:25.118841,99.2958
0.8138,2792.0,BID,2025-04-23 23:19:25.118841,2272.1295999999998
0.8136,2891.0,BID,2025-04-23 23:19:25.118841,2352.1176
0.8135,15014.0,BID,2025-04-23 23:19:25.118841,12213.889
0.8134,58.0,BID,2025-04-23 23:19:25.118841,47.1772
0.8133,140.0,BID,2025-04-23 23:19:25.118841,113.86200000000001
0.8132,1300.0,BID,2025-04-23 23:19:25.118841,1057.16
0.8131,53.0,BID,2025-04-23 23:19:25.118841,43.094300000000004
0.813,10054.0,BID,2025-04-23 23:19:25.118841,8173.901999999999
0.8129,6942.0,BID,2025-04-23 23:19:25.118841,5643.1518
0.8128,6462.0,BID,2025-04-23 23:19:25.118841,5252.3135999999995
0.8125,24.0,BID,2025-04-23 23:19:25.118841,19.5
0.8124,15.0,BID,2025-04-23 23:19:25.118841,12.186
0.8123,22.0,BID,2025-04-23 23:19:25.118841,17.8706
0.8122,1231.0,BID,2025-04-23 23:19:25.118841,999.8182
0.8121,17.0,BID,2025-04-23 23:19:25.118841,13.805700000000002
0.812,2655.0,BID,2025-04-23 23:19:25.118841,2155.86
0.8117,51.0,BID,2025-04-23 23:19:25.118841,41.396699999999996
0.8115,250.0,BID,2025-04-23 23:19:25.118841,202.875
0.8112,9.0,BID,2025-04-23 23:19:25.118841,7.300800000000001
0.8111,101.0,BID,2025-04-23 23:19:25.118841,81.92110000000001
0.811,4906.0,BID,2025-04-23 23:19:25.118841,3978.766
0.8108,7.0,BID,2025-04-23 23:19:25.118841,5.675599999999999
0.8107,8.0,BID,2025-04-23 23:19:25.118841,6.4856
0.8106,155.0,BID,2025-04-23 23:19:25.118841,125.643
0.8104,203.0,BID,2025-04-23 23:19:25.118841,164.5112
0.8103,1205.0,BID,2025-04-23 23:19:25.118841,976.4115
0.8102,57.0,BID,2025-04-23 23:19:25.118841,46.181400000000004
0.81,2977.0,BID,2025-04-23 23:19:25.118841,2411.3700000000003
0.8099,13.0,BID,2025-04-23 23:19:25.118841,10.528699999999999
0.8097,310.0,BID,2025-04-23 23:19:25.118841,251.007
0.8094,94.0,BID,2025-04-23 23:19:25.118841,76.0836
0.8092,14.0,BID,2025-04-23 23:19:25.118841,11.328800000000001
0.8091,70.0,BID,2025-04-23 23:19:25.118841,56.637
0.809,310.0,BID,2025-04-23 23:19:25.118841,250.79000000000002
0.8089,2184.0,BID,2025-04-23 23:19:25.118841,1766.6375999999998
0.8087,48.0,BID,2025-04-23 23:19:25.118841,38.8176
0.8086,157.0,BID,2025-04-23 23:19:25.118841,126.9502
0.8085,30.0,BID,2025-04-23 23:19:25.118841,24.255
0.8084,177.0,BID,2025-04-23 23:19:25.118841,143.0868
0.8083,39.0,BID,2025-04-23 23:19:25.118841,31.5237
0.808,1178.0,BID,2025-04-23 23:19:25.118841,951.8240000000001
0.8079,4951.0,BID,2025-04-23 23:19:25.118841,3999.9129
0.8077,34.0,BID,2025-04-23 23:19:25.118841,27.4618
0.8076,1158.0,BID,2025-04-23 23:19:25.118841,935.2008
0.8075,13.0,BID,2025-04-23 23:19:25.118841,10.4975
0.8074,154.0,BID,2025-04-23 23:19:25.118841,124.3396
0.8073,8.0,BID,2025-04-23 23:19:25.118841,6.4584
0.807,299.0,BID,2025-04-23 23:19:25.118841,241.293
0.8069,7.0,BID,2025-04-23 23:19:25.118841,5.6483
0.8067,9.0,BID,2025-04-23 23:19:25.118841,7.2603
0.8066,1253.0,BID,2025-04-23 23:19:25.118841,1010.6698
0.8065,22.0,BID,2025-04-23 23:19:25.118841,17.743
0.8063,250.0,BID,2025-04-23 23:19:25.118841,201.57500000000002
0.8062,166.0,BID,2025-04-23 23:19:25.118841,133.82920000000001
0.806,48004.0,BID,2025-04-23 23:19:25.118841,38691.224
0.8059,147.0,BID,2025-04-23 23:19:25.118841,118.4673
0.8058,3539.0,BID,2025-04-23 23:19:25.118841,2851.7262
0.8056,965.0,BID,2025-04-23 23:19:25.118841,777.404
0.8055,12.0,BID,2025-04-23 23:19:25.118841,9.666
0.8052,118.0,BID,2025-04-23 23:19:25.118841,95.0136
0.8051,7.0,BID,2025-04-23 23:19:25.118841,5.6357
0.805,6801.0,BID,2025-04-23 23:19:25.118841,5474.805
0.8049,167.0,BID,2025-04-23 23:19:25.118841,134.4183
0.8048,1420.0,BID,2025-04-23 23:19:25.118841,1142.816
0.8046,1171.0,BID,2025-04-23 23:19:25.118841,942.1866
0.8044,622.0,BID,2025-04-23 23:19:25.118841,500.3368
0.8042,28.0,BID,2025-04-23 23:19:25.118841,22.5176
0.804,403.0,BID,2025-04-23 23:19:25.118841,324.012
0.8039,8.0,BID,2025-04-23 23:19:25.118841,6.4312
0.8038,57.0,BID,2025-04-23 23:19:25.118841,45.8166
0.8036,307.0,BID,2025-04-23 23:19:25.118841,246.7052
0.8035,177.0,BID,2025-04-23 23:19:25.118841,142.2195
0.8034,12.0,BID,2025-04-23 23:19:25.118841,9.6408
0.8033,12.0,BID,2025-04-23 23:19:25.118841,9.6396
0.8032,493.0,BID,2025-04-23 23:19:25.118841,395.9776
0.8031,47.0,BID,2025-04-23 23:19:25.118841,37.7457
0.803,149.0,BID,2025-04-23 23:19:25.118841,119.647
0.8028,130.0,BID,2025-04-23 23:19:25.118841,104.36399999999999
0.8027,258.0,BID,2025-04-23 23:19:25.118841,207.0966
0.8026,15.0,BID,2025-04-23 23:19:25.118841,12.039
0.8025,4984.0,BID,2025-04-23 23:19:25.118841,3999.66
0.8024,166.0,BID,2025-04-23 23:19:25.118841,133.1984
0.8023,84.0,BID,2025-04-23 23:19:25.118841,67.39320000000001
0.8022,7034.0,BID,2025-04-23 23:19:25.118841,5642.6748
0.8021,17.0,BID,2025-04-23 23:19:25.118841,13.6357
0.802,1289.0,BID,2025-04-23 23:19:25.118841,1033.778
0.8018,458.0,BID,2025-04-23 23:19:25.118841,367.2244
0.8015,24.0,BID,2025-04-23 23:19:25.118841,19.236
0.8014,79.0,BID,2025-04-23 23:19:25.118841,63.3106
0.8013,72.0,BID,2025-04-23 23:19:25.118841,57.6936
0.8012,111.0,BID,2025-04-23 23:19:25.118841,88.9332
0.8011,64.0,BID,2025-04-23 23:19:25.118841,51.2704
0.801,1391.0,BID,2025-04-23 23:19:25.118841,1114.191
0.8009,30.0,BID,2025-04-23 23:19:25.118841,24.026999999999997
0.8008,22.0,BID,2025-04-23 23:19:25.118841,17.6176
0.8007,4222.0,BID,2025-04-23 23:19:25.118841,3380.5553999999997
0.8006,279.0,BID,2025-04-23 23:19:25.118841,223.3674
0.8005,120.0,BID,2025-04-23 23:19:25.118841,96.06
0.8004,8.0,BID,2025-04-23 23:19:25.118841,6.4032
0.8003,176.0,BID,2025-04-23 23:19:25.118841,140.8528
0.8,38113.0,BID,2025-04-23 23:19:25.118841,30490.4
0.7999,3617.0,BID,2025-04-23 23:19:25.118841,2893.2383
0.7997,57.0,BID,2025-04-23 23:19:25.118841,45.582899999999995
0.7996,7.0,BID,2025-04-23 23:19:25.118841,5.5972
0.7995,45.0,BID,2025-04-23 23:19:25.118841,35.9775
0.7991,5005.0,BID,2025-04-23 23:19:25.118841,3999.4955
0.799,125.0,BID,2025-04-23 23:19:25.118841,99.875
0.7989,1235.0,BID,2025-04-23 23:19:25.118841,986.6415000000001
0.7988,3572.0,BID,2025-04-23 23:19:25.118841,2853.3136
0.7987,519.0,BID,2025-04-23 23:19:25.118841,414.52529999999996
0.7986,57.0,BID,2025-04-23 23:19:25.118841,45.520199999999996
0.7984,265.0,BID,2025-04-23 23:19:25.118841,211.576
0.7982,44.0,BID,2025-04-23 23:19:25.118841,35.1208
0.798,3568.0,BID,2025-04-23 23:19:25.118841,2847.264
0.7978,162.0,BID,2025-04-23 23:19:25.118841,129.2436
0.7976,21.0,BID,2025-04-23 23:19:25.118841,16.7496
0.7972,60.0,BID,2025-04-23 23:19:25.118841,47.832
0.7971,15091.0,BID,2025-04-23 23:19:25.118841,12029.036100000001
0.797,192.0,BID,2025-04-23 23:19:25.118841,153.024
0.7969,86.0,BID,2025-04-23 23:19:25.118841,68.5334
0.7967,30.0,BID,2025-04-23 23:19:25.118841,23.901
0.7966,45.0,BID,2025-04-23 23:19:25.118841,35.847
0.7965,14.0,BID,2025-04-23 23:19:25.118841,11.151
0.7964,1279.0,BID,2025-04-23 23:19:25.118841,1018.5956
0.7961,40.0,BID,2025-04-23 23:19:25.118841,31.844
0.796,125.0,BID,2025-04-23 23:19:25.118841,99.5
0.7959,7.0,BID,2025-04-23 23:19:25.118841,5.571300000000001
0.7957,12912.0,BID,2025-04-23 23:19:25.118841,10274.0784
0.7955,216.0,BID,2025-04-23 23:19:25.118841,171.828
0.7954,57.0,BID,2025-04-23 23:19:25.118841,45.3378
0.795,322.0,BID,2025-04-23 23:19:25.118841,255.99
0.7949,4794.0,BID,2025-04-23 23:19:25.118841,3810.7506000000003
0.7948,31.0,BID,2025-04-23 23:19:25.118841,24.6388
0.7947,45.0,BID,2025-04-23 23:19:25.118841,35.7615
0.7945,150.0,BID,2025-04-23 23:19:25.118841,119.175
0.7943,74.0,BID,2025-04-23 23:19:25.118841,58.7782
0.7942,1439.0,BID,2025-04-23 23:19:25.118841,1142.8538
0.7941,19.0,BID,2025-04-23 23:19:25.118841,15.087900000000001
0.7939,112.0,BID,2025-04-23 23:19:25.118841,88.91680000000001
0.7935,12089.0,BID,2025-04-23 23:19:25.118841,9592.6215
0.7934,4781.0,BID,2025-04-23 23:19:25.118841,3793.2454
0.7933,14.0,BID,2025-04-23 23:19:25.118841,11.1062
0.7932,9.0,BID,2025-04-23 23:19:25.118841,7.1388
0.7931,22.0,BID,2025-04-23 23:19:25.118841,17.4482
0.793,12.0,BID,2025-04-23 23:19:25.118841,9.516
0.7929,50.0,BID,2025-04-23 23:19:25.118841,39.645
0.7928,185.0,BID,2025-04-23 23:19:25.118841,146.66799999999998
0.7927,1261.0,BID,2025-04-23 23:19:25.118841,999.5947
0.7923,7.0,BID,2025-04-23 23:19:25.118841,5.5461
0.7922,120.0,BID,2025-04-23 23:19:25.118841,95.06400000000001
0.7921,94.0,BID,2025-04-23 23:19:25.118841,74.4574
0.792,301.0,BID,2025-04-23 23:19:25.118841,238.39200000000002
0.7919,4763.0,BID,2025-04-23 23:19:25.118841,3771.8197
0.7918,3488.0,BID,2025-04-23 23:19:25.118841,2761.7983999999997
0.7916,155.0,BID,2025-04-23 23:19:25.118841,122.698
0.7915,5053.0,BID,2025-04-23 23:19:25.118841,3999.4494999999997
0.7912,119.0,BID,2025-04-23 23:19:25.118841,94.1528
0.7911,79.0,BID,2025-04-23 23:19:25.118841,62.496900000000004
0.791,2317.0,BID,2025-04-23 23:19:25.118841,1832.747
0.7909,236.0,BID,2025-04-23 23:19:25.118841,186.6524
0.7908,1158.0,BID,2025-04-23 23:19:25.118841,915.7464
0.7907,59.0,BID,2025-04-23 23:19:25.118841,46.6513
0.7906,95.0,BID,2025-04-23 23:19:25.118841,75.107
0.7905,257.0,BID,2025-04-23 23:19:25.118841,203.1585
0.7904,4875.0,BID,2025-04-23 23:19:25.118841,3853.2
0.79,12244.0,BID,2025-04-23 23:19:25.118841,9672.76
0.7898,651.0,BID,2025-04-23 23:19:25.118841,514.1598
0.7897,85.0,BID,2025-04-23 23:19:25.118841,67.1245
0.7895,30.0,BID,2025-04-23 23:19:25.118841,23.685
0.7893,122.0,BID,2025-04-23 23:19:25.118841,96.2946
0.7892,22.0,BID,2025-04-23 23:19:25.118841,17.3624
0.7891,38.0,BID,2025-04-23 23:19:25.118841,29.9858
0.789,25.0,BID,2025-04-23 23:19:25.118841,19.725
0.7889,4763.0,BID,2025-04-23 23:19:25.118841,3757.5307000000003
0.7888,2530.0,BID,2025-04-23 23:19:25.118841,1995.6639999999998
0.7887,41503.0,BID,2025-04-23 23:19:25.118841,32733.4161
0.7886,30.0,BID,2025-04-23 23:19:25.118841,23.657999999999998
0.7883,8.0,BID,2025-04-23 23:19:25.118841,6.3064
0.7881,30.0,BID,2025-04-23 23:19:25.118841,23.643
0.788,617.0,BID,2025-04-23 23:19:25.118841,486.196
0.7879,52.0,BID,2025-04-23 23:19:25.118841,40.970800000000004
0.7878,250.0,BID,2025-04-23 23:19:25.118841,196.95
0.7876,15.0,BID,2025-04-23 23:19:25.118841,11.814
0.7875,30.0,BID,2025-04-23 23:19:25.118841,23.625
0.7874,4763.0,BID,2025-04-23 23:19:25.118841,3750.3862
0.7873,108.0,BID,2025-04-23 23:19:25.118841,85.0284
0.787,37.0,BID,2025-04-23 23:19:25.118841,29.119
0.7869,16.0,BID,2025-04-23 23:19:25.118841,12.5904
0.7868,57.0,BID,2025-04-23 23:19:25.118841,44.8476
0.7866,30.0,BID,2025-04-23 23:19:25.118841,23.598
0.7865,30.0,BID,2025-04-23 23:19:25.118841,23.595
0.7861,12.0,BID,2025-04-23 23:19:25.118841,9.4332
0.786,85.0,BID,2025-04-23 23:19:25.118841,66.81
0.7859,4781.0,BID,2025-04-23 23:19:25.118841,3757.3879
0.7858,5220.0,BID,2025-04-23 23:19:25.118841,4101.876
0.7854,85.0,BID,2025-04-23 23:19:25.118841,66.759
0.7851,31.0,BID,2025-04-23 23:19:25.118841,24.3381
0.785,3172.0,BID,2025-04-23 23:19:25.118841,2490.02
0.7849,108.0,BID,2025-04-23 23:19:25.118841,84.7692
0.7848,3488.0,BID,2025-04-23 23:19:25.118841,2737.3824
0.7846,64.0,BID,2025-04-23 23:19:25.118841,50.2144
0.7844,4822.0,BID,2025-04-23 23:19:25.118841,3782.3768
0.7843,9.0,BID,2025-04-23 23:19:25.118841,7.0587
0.784,2262.0,BID,2025-04-23 23:19:25.118841,1773.4080000000001
0.7839,66.0,BID,2025-04-23 23:19:25.118841,51.7374
0.7837,1554.0,BID,2025-04-23 23:19:25.118841,1217.8698
0.7835,52.0,BID,2025-04-23 23:19:25.118841,40.742
0.7834,14.0,BID,2025-04-23 23:19:25.118841,10.9676
0.7833,7.0,BID,2025-04-23 23:19:25.118841,5.4831
0.7832,12.0,BID,2025-04-23 23:19:25.118841,9.3984
0.783,64.0,BID,2025-04-23 23:19:25.118841,50.112
0.7829,4800.0,BID,2025-04-23 23:19:25.118841,3757.92
0.7826,40.0,BID,2025-04-23 23:19:25.118841,31.304
0.7825,57.0,BID,2025-04-23 23:19:25.118841,44.6025
0.7823,411.0,BID,2025-04-23 23:19:25.118841,321.5253
0.7822,18.0,BID,2025-04-23 23:19:25.118841,14.0796
0.782,83.0,BID,2025-04-23 23:19:25.118841,64.906
0.7816,130.0,BID,2025-04-23 23:19:25.118841,101.60799999999999
0.7814,4763.0,BID,2025-04-23 23:19:25.118841,3721.8082
0.7809,469.0,BID,2025-04-23 23:19:25.118841,366.2421
0.7808,162.0,BID,2025-04-23 23:19:25.118841,126.48960000000001
0.7807,30.0,BID,2025-04-23 23:19:25.118841,23.421
0.7806,1278.0,BID,2025-04-23 23:19:25.118841,997.6067999999999
0.7805,68.0,BID,2025-04-23 23:19:25.118841,53.074
0.7804,74.0,BID,2025-04-23 23:19:25.118841,57.7496
0.7803,12.0,BID,2025-04-23 23:19:25.118841,9.3636
0.7802,111.0,BID,2025-04-23 23:19:25.118841,86.6022
0.78,13203.0,BID,2025-04-23 23:19:25.118841,10298.34
0.7799,5353.0,BID,2025-04-23 23:19:25.118841,4174.804700000001
0.7798,7.0,BID,2025-04-23 23:19:25.118841,5.458600000000001
0.7797,85.0,BID,2025-04-23 23:19:25.118841,66.27449999999999
0.7796,23.0,BID,2025-04-23 23:19:25.118841,17.930799999999998
0.7795,2852.0,BID,2025-04-23 23:19:25.118841,2223.134
0.7793,9.0,BID,2025-04-23 23:19:25.118841,7.0137
0.7792,260.0,BID,2025-04-23 23:19:25.118841,202.592
0.7791,5146.0,BID,2025-04-23 23:19:25.118841,4009.2486
0.779,36.0,BID,2025-04-23 23:19:25.118841,28.044
0.7789,16.0,BID,2025-04-23 23:19:25.118841,12.4624
0.7788,189.0,BID,2025-04-23 23:19:25.118841,147.19320000000002
0.7786,161.0,BID,2025-04-23 23:19:25.118841,125.35459999999999
0.7785,674.0,BID,2025-04-23 23:19:25.118841,524.709
0.7784,4877.0,BID,2025-04-23 23:19:25.118841,3796.2568
0.7783,223.0,BID,2025-04-23 23:19:25.118841,173.5609
0.7782,260.0,BID,2025-04-23 23:19:25.118841,202.332
0.7781,92.0,BID,2025-04-23 23:19:25.118841,71.5852
0.778,47.0,BID,2025-04-23 23:19:25.118841,36.566
0.7779,16.0,BID,2025-04-23 23:19:25.118841,12.4464
0.7778,3516.0,BID,2025-04-23 23:19:25.118841,2734.7448
0.7777,4039.0,BID,2025-04-23 23:19:25.118841,3141.1303
0.7776,30.0,BID,2025-04-23 23:19:25.118841,23.328
0.7775,30.0,BID,2025-04-23 23:19:25.118841,23.325
0.7773,93.0,BID,2025-04-23 23:19:25.118841,72.2889
0.7772,69.0,BID,2025-04-23 23:19:25.118841,53.6268
0.7771,85.0,BID,2025-04-23 23:19:25.118841,66.0535
0.777,38.0,BID,2025-04-23 23:19:25.118841,29.526
0.7769,4778.0,BID,2025-04-23 23:19:25.118841,3712.0282
0.7768,78.0,BID,2025-04-23 23:19:25.118841,60.5904
0.7767,48.0,BID,2025-04-23 23:19:25.118841,37.2816
0.7766,176.0,BID,2025-04-23 23:19:25.118841,136.6816
0.7765,72.0,BID,2025-04-23 23:19:25.118841,55.908
0.7764,64.0,BID,2025-04-23 23:19:25.118841,49.6896
0.7763,80.0,BID,2025-04-23 23:19:25.118841,62.104
0.7762,111.0,BID,2025-04-23 23:19:25.118841,86.1582
0.7761,56.0,BID,2025-04-23 23:19:25.118841,43.461600000000004
0.776,1040.0,BID,2025-04-23 23:19:25.118841,807.0400000000001
0.7759,307.0,BID,2025-04-23 23:19:25.118841,238.2013
0.7758,71.0,BID,2025-04-23 23:19:25.118841,55.0818
0.7757,73.0,BID,2025-04-23 23:19:25.118841,56.626099999999994
0.7756,64.0,BID,2025-04-23 23:19:25.118841,49.6384
0.7755,81.0,BID,2025-04-23 23:19:25.118841,62.8155
0.7754,4855.0,BID,2025-04-23 23:19:25.118841,3764.567
0.7753,188.0,BID,2025-04-23 23:19:25.118841,145.75639999999999
0.7752,88.0,BID,2025-04-23 23:19:25.118841,68.2176
0.7751,170.0,BID,2025-04-23 23:19:25.118841,131.767
0.775,2134.0,BID,2025-04-23 23:19:25.118841,1653.8500000000001
0.7749,80.0,BID,2025-04-23 23:19:25.118841,61.992000000000004
0.7748,48.0,BID,2025-04-23 23:19:25.118841,37.190400000000004
0.7747,34.0,BID,2025-04-23 23:19:25.118841,26.3398
0.7746,75.0,BID,2025-04-23 23:19:25.118841,58.095
0.7745,39.0,BID,2025-04-23 23:19:25.118841,30.205499999999997
0.7744,32.0,BID,2025-04-23 23:19:25.118841,24.7808
0.7743,50.0,BID,2025-04-23 23:19:25.118841,38.714999999999996
0.7742,531.0,BID,2025-04-23 23:19:25.118841,411.1002
0.7741,145.0,BID,2025-04-23 23:19:25.118841,112.2445
0.774,2096.0,BID,2025-04-23 23:19:25.118841,1622.304
0.7739,4794.0,BID,2025-04-23 23:19:25.118841,3710.0766000000003
0.7738,40.0,BID,2025-04-23 23:19:25.118841,30.952
0.7737,94.0,BID,2025-04-23 23:19:25.118841,72.7278
0.7736,491.0,BID,2025-04-23 23:19:25.118841,379.83759999999995
0.7735,107.0,BID,2025-04-23 23:19:25.118841,82.7645
0.7734,6656.0,BID,2025-04-23 23:19:25.118841,5147.7504
0.7733,13.0,BID,2025-04-23 23:19:25.118841,10.0529
0.7731,499.0,BID,2025-04-23 23:19:25.118841,385.7769
0.773,1876.0,BID,2025-04-23 23:19:25.118841,1450.1480000000001
0.7727,7.0,BID,2025-04-23 23:19:25.118841,5.4089
0.7726,491.0,BID,2025-04-23 23:19:25.118841,379.34659999999997
0.7725,64.0,BID,2025-04-23 23:19:25.118841,49.44
0.7724,4771.0,BID,2025-04-23 23:19:25.118841,3685.1204
0.7722,115.0,BID,2025-04-23 23:19:25.118841,88.803
0.7721,483.0,BID,2025-04-23 23:19:25.118841,372.9243
0.772,31.0,BID,2025-04-23 23:19:25.118841,23.932000000000002
0.7719,1251.0,BID,2025-04-23 23:19:25.118841,965.6469000000001
0.7718,148.0,BID,2025-04-23 23:19:25.118841,114.22640000000001
0.7717,20.0,BID,2025-04-23 23:19:25.118841,15.434000000000001
0.7716,16.0,BID,2025-04-23 23:19:25.118841,12.3456
0.7715,523.0,BID,2025-04-23 23:19:25.118841,403.49449999999996
0.7714,77.0,BID,2025-04-23 23:19:25.118841,59.3978
0.7712,25.0,BID,2025-04-23 23:19:25.118841,19.28
0.7711,1816.0,BID,2025-04-23 23:19:25.118841,1400.3176
0.771,3439.0,BID,2025-04-23 23:19:25.118841,2651.469
0.7709,4770.0,BID,2025-04-23 23:19:25.118841,3677.193
0.7708,51.0,BID,2025-04-23 23:19:25.118841,39.3108
0.7707,88.0,BID,2025-04-23 23:19:25.118841,67.8216
0.7706,32.0,BID,2025-04-23 23:19:25.118841,24.6592
0.7705,571.0,BID,2025-04-23 23:19:25.118841,439.9555
0.7704,61.0,BID,2025-04-23 23:19:25.118841,46.9944
0.7703,24.0,BID,2025-04-23 23:19:25.118841,18.4872
0.7702,54.0,BID,2025-04-23 23:19:25.118841,41.5908
0.7701,32.0,BID,2025-04-23 23:19:25.118841,24.6432
0.77,10189.0,BID,2025-04-23 23:19:25.118841,7845.53
0.7699,185.0,BID,2025-04-23 23:19:25.118841,142.4315
0.7698,24.0,BID,2025-04-23 23:19:25.118841,18.4752
0.7697,32.0,BID,2025-04-23 23:19:25.118841,24.6304
0.7696,24.0,BID,2025-04-23 23:19:25.118841,18.470399999999998
0.7695,340.0,BID,2025-04-23 23:19:25.118841,261.63
0.7694,4787.0,BID,2025-04-23 23:19:25.118841,3683.1178
0.7693,56.0,BID,2025-04-23 23:19:25.118841,43.080799999999996
0.7692,23.0,BID,2025-04-23 23:19:25.118841,17.6916
0.7691,156.0,BID,2025-04-23 23:19:25.118841,119.9796
0.769,398.0,BID,2025-04-23 23:19:25.118841,306.062
0.7689,32.0,BID,2025-04-23 23:19:25.118841,24.6048
0.7688,20.0,BID,2025-04-23 23:19:25.118841,15.376000000000001
0.7687,56.0,BID,2025-04-23 23:19:25.118841,43.047200000000004
0.7686,116.0,BID,2025-04-23 23:19:25.118841,89.15759999999999
0.7685,48.0,BID,2025-04-23 23:19:25.118841,36.888
0.7684,163.0,BID,2025-04-23 23:19:25.118841,125.2492
0.7683,16.0,BID,2025-04-23 23:19:25.118841,12.2928
0.7682,24.0,BID,2025-04-23 23:19:25.118841,18.436799999999998
0.7681,103.0,BID,2025-04-23 23:19:25.118841,79.1143
0.768,141.0,BID,2025-04-23 23:19:25.118841,108.288
0.7679,4971.0,BID,2025-04-23 23:19:25.118841,3817.2309
0.7678,32.0,BID,2025-04-23 23:19:25.118841,24.5696
0.7677,32.0,BID,2025-04-23 23:19:25.118841,24.5664
0.7676,136.0,BID,2025-04-23 23:19:25.118841,104.39359999999999
0.7674,251.0,BID,2025-04-23 23:19:25.118841,192.6174
0.7673,5237.0,BID,2025-04-23 23:19:25.118841,4018.3501
0.7672,26.0,BID,2025-04-23 23:19:25.118841,19.9472
0.7671,847.0,BID,2025-04-23 23:19:25.118841,649.7337
0.767,766.0,BID,2025-04-23 23:19:25.118841,587.522
0.7669,25.0,BID,2025-04-23 23:19:25.118841,19.1725
0.7668,40.0,BID,2025-04-23 23:19:25.118841,30.672
0.7667,160.0,BID,2025-04-23 23:19:25.118841,122.67200000000001
0.7666,76.0,BID,2025-04-23 23:19:25.118841,58.261599999999994
0.7665,24.0,BID,2025-04-23 23:19:25.118841,18.396
0.7664,4779.0,BID,2025-04-23 23:19:25.118841,3662.6256
0.7663,48.0,BID,2025-04-23 23:19:25.118841,36.782399999999996
0.7662,23.0,BID,2025-04-23 23:19:25.118841,17.6226
0.7661,59.0,BID,2025-04-23 23:19:25.118841,45.1999
0.766,28.0,BID,2025-04-23 23:19:25.118841,21.448
0.7659,149.0,BID,2025-04-23 23:19:25.118841,114.1191
0.7658,16.0,BID,2025-04-23 23:19:25.118841,12.2528
0.7657,237.0,BID,2025-04-23 23:19:25.118841,181.4709
0.7656,48.0,BID,2025-04-23 23:19:25.118841,36.748799999999996
0.7655,186.0,BID,2025-04-23 23:19:25.118841,142.38299999999998
0.7654,24.0,BID,2025-04-23 23:19:25.118841,18.3696
0.7653,8.0,BID,2025-04-23 23:19:25.118841,6.1224
0.7652,16.0,BID,2025-04-23 23:19:25.118841,12.2432
0.7651,32.0,BID,2025-04-23 23:19:25.118841,24.4832
0.765,4053.0,BID,2025-04-23 23:19:25.118841,3100.545
0.7649,4795.0,BID,2025-04-23 23:19:25.118841,3667.6955000000003
0.7648,105.0,BID,2025-04-23 23:19:25.118841,80.304
0.7647,16.0,BID,2025-04-23 23:19:25.118841,12.2352
0.7646,545.0,BID,2025-04-23 23:19:25.118841,416.707
0.7645,24.0,BID,2025-04-23 23:19:25.118841,18.348
0.7644,74.0,BID,2025-04-23 23:19:25.118841,56.565599999999996
0.7643,55.0,BID,2025-04-23 23:19:25.118841,42.0365
0.7642,40.0,BID,2025-04-23 23:19:25.118841,30.567999999999998
0.7641,40.0,BID,2025-04-23 23:19:25.118841,30.564
0.764,1585.0,BID,2025-04-23 23:19:25.118841,1210.94
0.7639,98.0,BID,2025-04-23 23:19:25.118841,74.8622
0.7637,24.0,BID,2025-04-23 23:19:25.118841,18.3288
0.7636,2640.0,BID,2025-04-23 23:19:25.118841,2015.9039999999998
0.7635,34.0,BID,2025-04-23 23:19:25.118841,25.959
0.7634,4835.0,BID,2025-04-23 23:19:25.118841,3691.0389999999998
0.7633,42.0,BID,2025-04-23 23:19:25.118841,32.0586
0.7632,1505.0,BID,2025-04-23 23:19:25.118841,1148.616
0.7631,36.0,BID,2025-04-23 23:19:25.118841,27.4716
0.763,6202.0,BID,2025-04-23 23:19:25.118841,4732.126
0.7629,22.0,BID,2025-04-23 23:19:25.118841,16.7838
0.7628,32.0,BID,2025-04-23 23:19:25.118841,24.4096
0.7627,48.0,BID,2025-04-23 23:19:25.118841,36.6096
0.7626,49.0,BID,2025-04-23 23:19:25.118841,37.367399999999996
0.7625,48.0,BID,2025-04-23 23:19:25.118841,36.599999999999994
0.7624,47.0,BID,2025-04-23 23:19:25.118841,35.8328
0.7623,24.0,BID,2025-04-23 23:19:25.118841,18.2952
0.7622,4889.0,BID,2025-04-23 23:19:25.118841,3726.3958
0.7621,8.0,BID,2025-04-23 23:19:25.118841,6.0968
0.762,3276.0,BID,2025-04-23 23:19:25.118841,2496.312
0.7619,64.0,BID,2025-04-23 23:19:25.118841,48.7616
0.7618,8.0,BID,2025-04-23 23:19:25.118841,6.0944
0.7617,24.0,BID,2025-04-23 23:19:25.118841,18.2808
0.7616,191.0,BID,2025-04-23 23:19:25.118841,145.46560000000002
0.7615,103.0,BID,2025-04-23 23:19:25.118841,78.4345
0.7614,24.0,BID,2025-04-23 23:19:25.118841,18.2736
0.7613,8.0,BID,2025-04-23 23:19:25.118841,6.0904
0.7612,48.0,BID,2025-04-23 23:19:25.118841,36.5376
0.7611,93.0,BID,2025-04-23 23:19:25.118841,70.7823
0.761,4990.0,BID,2025-04-23 23:19:25.118841,3797.39
0.7608,48.0,BID,2025-04-23 23:19:25.118841,36.5184
0.7607,38.0,BID,2025-04-23 23:19:25.118841,28.9066
0.7606,88.0,BID,2025-04-23 23:19:25.118841,66.9328
0.7605,95.0,BID,2025-04-23 23:19:25.118841,72.2475
0.7604,55.0,BID,2025-04-23 23:19:25.118841,41.821999999999996
0.7603,96.0,BID,2025-04-23 23:19:25.118841,72.9888
0.7602,44.0,BID,2025-04-23 23:19:25.118841,33.4488
0.7601,80.0,BID,2025-04-23 23:19:25.118841,60.808
0.76,930.0,BID,2025-04-23 23:19:25.118841,706.8
0.7599,64.0,BID,2025-04-23 23:19:25.118841,48.6336
0.7598,4902.0,BID,2025-04-23 23:19:25.118841,3724.5396
0.7597,136.0,BID,2025-04-23 23:19:25.118841,103.31920000000001
0.7596,85.0,BID,2025-04-23 23:19:25.118841,64.566
0.7595,64.0,BID,2025-04-23 23:19:25.118841,48.608
0.7594,40.0,BID,2025-04-23 23:19:25.118841,30.375999999999998
0.7593,217.0,BID,2025-04-23 23:19:25.118841,164.7681
0.7592,32.0,BID,2025-04-23 23:19:25.118841,24.2944
0.7591,107.0,BID,2025-04-23 23:19:25.118841,81.2237
0.759,30.0,BID,2025-04-23 23:19:25.118841,22.77
0.7588,99.0,BID,2025-04-23 23:19:25.118841,75.1212
0.7587,69.0,BID,2025-04-23 23:19:25.118841,52.350300000000004
0.7586,4771.0,BID,2025-04-23 23:19:25.118841,3619.2806
0.7585,23.0,BID,2025-04-23 23:19:25.118841,17.4455
0.7584,94.0,BID,2025-04-23 23:19:25.118841,71.2896
0.7583,217.0,BID,2025-04-23 23:19:25.118841,164.5511
0.7582,127.0,BID,2025-04-23 23:19:25.118841,96.2914
0.7581,138.0,BID,2025-04-23 23:19:25.118841,104.6178
0.758,29.0,BID,2025-04-23 23:19:25.118841,21.982
0.7578,47.0,BID,2025-04-23 23:19:25.118841,35.6166
0.7577,13.0,BID,2025-04-23 23:19:25.118841,9.850100000000001
0.7575,57.0,BID,2025-04-23 23:19:25.118841,43.177499999999995
0.7574,4841.0,BID,2025-04-23 23:19:25.118841,3666.5733999999998
0.7573,90.0,BID,2025-04-23 23:19:25.118841,68.157
0.7571,14.0,BID,2025-04-23 23:19:25.118841,10.5994
0.757,23.0,BID,2025-04-23 23:19:25.118841,17.411
0.7568,12.0,BID,2025-04-23 23:19:25.118841,9.0816
0.7567,64.0,BID,2025-04-23 23:19:25.118841,48.4288
0.7566,23.0,BID,2025-04-23 23:19:25.118841,17.4018
0.7564,33.0,BID,2025-04-23 23:19:25.118841,24.961199999999998
0.7563,54.0,BID,2025-04-23 23:19:25.118841,40.840199999999996
0.7562,4763.0,BID,2025-04-23 23:19:25.118841,3601.7806
0.756,645.0,BID,2025-04-23 23:19:25.118841,487.62
0.7557,236.0,BID,2025-04-23 23:19:25.118841,178.3452
0.7553,22.0,BID,2025-04-23 23:19:25.118841,16.6166
0.755,7844.0,BID,2025-04-23 23:19:25.118841,5922.22
0.7548,127.0,BID,2025-04-23 23:19:25.118841,95.8596
0.7547,23.0,BID,2025-04-23 23:19:25.118841,17.3581
0.7545,12.0,BID,2025-04-23 23:19:25.118841,9.053999999999998
0.7542,20.0,BID,2025-04-23 23:19:25.118841,15.084
0.7541,672.0,BID,2025-04-23 23:19:25.118841,506.7552
0.7538,4763.0,BID,2025-04-23 23:19:25.118841,3590.3494
0.7535,84.0,BID,2025-04-23 23:19:25.118841,63.294
0.7534,76.0,BID,2025-04-23 23:19:25.118841,57.258399999999995
0.7533,91.0,BID,2025-04-23 23:19:25.118841,68.5503
0.7531,1587.0,BID,2025-04-23 23:19:25.118841,1195.1697
0.7528,117.0,BID,2025-04-23 23:19:25.118841,88.0776
0.7526,4763.0,BID,2025-04-23 23:19:25.118841,3584.6338
0.7525,78.0,BID,2025-04-23 23:19:25.118841,58.69499999999999
0.7523,43.0,BID,2025-04-23 23:19:25.118841,32.3489
0.7521,15.0,BID,2025-04-23 23:19:25.118841,11.2815
0.752,100.0,BID,2025-04-23 23:19:25.118841,75.2
0.7519,13.0,BID,2025-04-23 23:19:25.118841,9.7747
0.7518,7.0,BID,2025-04-23 23:19:25.118841,5.2626
0.7517,27.0,BID,2025-04-23 23:19:25.118841,20.2959
0.7516,12.0,BID,2025-04-23 23:19:25.118841,9.019200000000001
0.7514,4891.0,BID,2025-04-23 23:19:25.118841,3675.0973999999997
0.7509,30.0,BID,2025-04-23 23:19:25.118841,22.527
0.7508,105.0,BID,2025-04-23 23:19:25.118841,78.834
0.7507,241.0,BID,2025-04-23 23:19:25.118841,180.9187
0.7506,173.0,BID,2025-04-23 23:19:25.118841,129.8538
0.7505,14.0,BID,2025-04-23 23:19:25.118841,10.507
0.7504,16.0,BID,2025-04-23 23:19:25.118841,12.0064
0.7503,1000.0,BID,2025-04-23 23:19:25.118841,750.3
0.7502,4793.0,BID,2025-04-23 23:19:25.118841,3595.7086
0.7501,7.0,BID,2025-04-23 23:19:25.118841,5.2507
0.75,22834.0,BID,2025-04-23 23:19:25.118841,17125.5
0.7498,9.0,BID,2025-04-23 23:19:25.118841,6.748200000000001
0.7496,14.0,BID,2025-04-23 23:19:25.118841,10.4944
0.7495,69.0,BID,2025-04-23 23:19:25.118841,51.715500000000006
0.7493,57.0,BID,2025-04-23 23:19:25.118841,42.7101
0.7492,24.0,BID,2025-04-23 23:19:25.118841,17.9808
0.749,4763.0,BID,2025-04-23 23:19:25.118841,3567.487
0.7489,88.0,BID,2025-04-23 23:19:25.118841,65.9032
0.7487,13.0,BID,2025-04-23 23:19:25.118841,9.7331
0.7485,204.0,BID,2025-04-23 23:19:25.118841,152.69400000000002
0.7484,7.0,BID,2025-04-23 23:19:25.118841,5.2387999999999995
0.7482,100.0,BID,2025-04-23 23:19:25.118841,74.82
0.748,168.0,BID,2025-04-23 23:19:25.118841,125.664
0.7478,4763.0,BID,2025-04-23 23:19:25.118841,3561.7714
0.7477,29026.0,BID,2025-04-23 23:19:25.118841,21702.7402
0.7476,30.0,BID,2025-04-23 23:19:25.118841,22.428
0.7475,62.0,BID,2025-04-23 23:19:25.118841,46.345000000000006
0.7471,81.0,BID,2025-04-23 23:19:25.118841,60.5151
0.747,235.0,BID,2025-04-23 23:19:25.118841,175.545
0.7468,5212.0,BID,2025-04-23 23:19:25.118841,3892.3216
0.7467,672.0,BID,2025-04-23 23:19:25.118841,501.7824
0.7466,15.0,BID,2025-04-23 23:19:25.118841,11.199
0.7463,461.0,BID,2025-04-23 23:19:25.118841,344.04429999999996
0.7462,30.0,BID,2025-04-23 23:19:25.118841,22.386
0.7461,55.0,BID,2025-04-23 23:19:25.118841,41.0355
0.7459,81.0,BID,2025-04-23 23:19:25.118841,60.4179
0.7458,4882.0,BID,2025-04-23 23:19:25.118841,3640.9956
0.7456,9.0,BID,2025-04-23 23:19:25.118841,6.7104
0.7455,42.0,BID,2025-04-23 23:19:25.118841,31.311000000000003
0.7454,19.0,BID,2025-04-23 23:19:25.118841,14.1626
0.7453,142.0,BID,2025-04-23 23:19:25.118841,105.8326
0.7451,24.0,BID,2025-04-23 23:19:25.118841,17.8824
0.745,251.0,BID,2025-04-23 23:19:25.118841,186.995
0.7449,33.0,BID,2025-04-23 23:19:25.118841,24.5817
0.7448,4903.0,BID,2025-04-23 23:19:25.118841,3651.7544000000003
0.7447,129.0,BID,2025-04-23 23:19:25.118841,96.0663
0.7446,16.0,BID,2025-04-23 23:19:25.118841,11.9136
0.7442,603.0,BID,2025-04-23 23:19:25.118841,448.7526
0.744,155.0,BID,2025-04-23 23:19:25.118841,115.32
0.7439,251.0,BID,2025-04-23 23:19:25.118841,186.7189
0.7438,5142.0,BID,2025-04-23 23:19:25.118841,3824.6196
0.7437,233.0,BID,2025-04-23 23:19:25.118841,173.2821
0.7434,15.0,BID,2025-04-23 23:19:25.118841,11.151
0.7433,7.0,BID,2025-04-23 23:19:25.118841,5.2031
0.7432,1561.0,BID,2025-04-23 23:19:25.118841,1160.1352
0.743,8365.0,BID,2025-04-23 23:19:25.118841,6215.195
0.7428,4869.0,BID,2025-04-23 23:19:25.118841,3616.6932
0.7427,1346.0,BID,2025-04-23 23:19:25.118841,999.6742
0.7423,574.0,BID,2025-04-23 23:19:25.118841,426.0802
0.7422,13.0,BID,2025-04-23 23:19:25.118841,9.6486
0.7421,30.0,BID,2025-04-23 23:19:25.118841,22.262999999999998
0.742,15.0,BID,2025-04-23 23:19:25.118841,11.129999999999999
0.7418,4869.0,BID,2025-04-23 23:19:25.118841,3611.8242
0.7417,24.0,BID,2025-04-23 23:19:25.118841,17.800800000000002
0.7416,7.0,BID,2025-04-23 23:19:25.118841,5.1912
0.7415,92.0,BID,2025-04-23 23:19:25.118841,68.218
0.7414,154.0,BID,2025-04-23 23:19:25.118841,114.17559999999999
0.7412,145.0,BID,2025-04-23 23:19:25.118841,107.47399999999999
0.7411,101.0,BID,2025-04-23 23:19:25.118841,74.8511
0.7408,4869.0,BID,2025-04-23 23:19:25.118841,3606.9552
0.7404,36.0,BID,2025-04-23 23:19:25.118841,26.6544
0.7401,91.0,BID,2025-04-23 23:19:25.118841,67.34909999999999
0.74,3524.0,BID,2025-04-23 23:19:25.118841,2607.7599999999998
0.7399,7.0,BID,2025-04-23 23:19:25.118841,5.1793
0.7398,4869.0,BID,2025-04-23 23:19:25.118841,3602.0862
0.7395,10.0,BID,2025-04-23 23:19:25.118841,7.3950000000000005
0.7394,8.0,BID,2025-04-23 23:19:25.118841,5.9152
0.7393,109.0,BID,2025-04-23 23:19:25.118841,80.5837
0.7392,37.0,BID,2025-04-23 23:19:25.118841,27.3504
0.7388,4869.0,BID,2025-04-23 23:19:25.118841,3597.2172
0.7386,30.0,BID,2025-04-23 23:19:25.118841,22.158
0.7383,5417.0,BID,2025-04-23 23:19:25.118841,3999.3711
0.7382,7.0,BID,2025-04-23 23:19:25.118841,5.1674
0.7381,130.0,BID,2025-04-23 23:19:25.118841,95.953
0.738,159.0,BID,2025-04-23 23:19:25.118841,117.342
0.7378,4903.0,BID,2025-04-23 23:19:25.118841,3617.4334
0.7377,213.0,BID,2025-04-23 23:19:25.118841,157.1301
0.7375,87.0,BID,2025-04-23 23:19:25.118841,64.16250000000001
0.7374,111.0,BID,2025-04-23 23:19:25.118841,81.85140000000001
0.7373,107.0,BID,2025-04-23 23:19:25.118841,78.8911
0.7372,166.0,BID,2025-04-23 23:19:25.118841,122.37519999999999
0.737,36.0,BID,2025-04-23 23:19:25.118841,26.532
0.7369,30.0,BID,2025-04-23 23:19:25.118841,22.107
0.7368,4869.0,BID,2025-04-23 23:19:25.118841,3587.4792
0.7366,7.0,BID,2025-04-23 23:19:25.118841,5.1562
0.736,221.0,BID,2025-04-23 23:19:25.118841,162.656
0.8643,543.0,ASK,2025-04-23 23:19:25.118841,469.31489999999997
0.8644,3268.0,ASK,2025-04-23 23:19:25.118841,2824.8592
0.8645,7993.0,ASK,2025-04-23 23:19:25.118841,6909.9485
0.8646,8105.0,ASK,2025-04-23 23:19:25.118841,7007.5830000000005
0.8647,7724.0,ASK,2025-04-23 23:19:25.118841,6678.9428
0.8648,4549.0,ASK,2025-04-23 23:19:25.118841,3933.9752
0.8649,9282.0,ASK,2025-04-23 23:19:25.118841,8028.0018
0.865,10486.0,ASK,2025-04-23 23:19:25.118841,9070.39
0.8651,13231.0,ASK,2025-04-23 23:19:25.118841,11446.1381
0.8652,7164.0,ASK,2025-04-23 23:19:25.118841,6198.2928
0.8653,6318.0,ASK,2025-04-23 23:19:25.118841,5466.9654
0.8654,4254.0,ASK,2025-04-23 23:19:25.118841,3681.4116
0.8655,9112.0,ASK,2025-04-23 23:19:25.118841,7886.436000000001
0.8656,9536.0,ASK,2025-04-23 23:19:25.118841,8254.3616
0.8657,11990.0,ASK,2025-04-23 23:19:25.118841,10379.743
0.8658,10866.0,ASK,2025-04-23 23:19:25.118841,9407.7828
0.8659,4307.0,ASK,2025-04-23 23:19:25.118841,3729.4313
0.866,4333.0,ASK,2025-04-23 23:19:25.118841,3752.378
0.8661,4766.0,ASK,2025-04-23 23:19:25.118841,4127.8326
0.8662,4292.0,ASK,2025-04-23 23:19:25.118841,3717.7304
0.8663,16974.0,ASK,2025-04-23 23:19:25.118841,14704.5762
0.8664,3895.0,ASK,2025-04-23 23:19:25.118841,3374.6279999999997
0.8665,7956.0,ASK,2025-04-23 23:19:25.118841,6893.874000000001
0.8666,8355.0,ASK,2025-04-23 23:19:25.118841,7240.443
0.8667,7546.0,ASK,2025-04-23 23:19:25.118841,6540.1182
0.8668,2290.0,ASK,2025-04-23 23:19:25.118841,1984.972
0.8669,8524.0,ASK,2025-04-23 23:19:25.118841,7389.4556
0.867,6050.0,ASK,2025-04-23 23:19:25.118841,5245.35
0.8671,12940.0,ASK,2025-04-23 23:19:25.118841,11220.274
0.8672,36692.0,ASK,2025-04-23 23:19:25.118841,31819.3024
0.8673,4888.0,ASK,2025-04-23 23:19:25.118841,4239.3624
0.8674,10026.0,ASK,2025-04-23 23:19:25.118841,8696.552399999999
0.8675,11205.0,ASK,2025-04-23 23:19:25.118841,9720.337500000001
0.8676,19816.0,ASK,2025-04-23 23:19:25.118841,17192.3616
0.8677,2723.0,ASK,2025-04-23 23:19:25.118841,2362.7471
0.8678,4484.0,ASK,2025-04-23 23:19:25.118841,3891.2152
0.8679,5125.0,ASK,2025-04-23 23:19:25.118841,4447.9875
0.868,13073.0,ASK,2025-04-23 23:19:25.118841,11347.364
0.8681,4676.0,ASK,2025-04-23 23:19:25.118841,4059.2356
0.8682,7343.0,ASK,2025-04-23 23:19:25.118841,6375.192599999999
0.8683,3216.0,ASK,2025-04-23 23:19:25.118841,2792.4528
0.8684,6649.0,ASK,2025-04-23 23:19:25.118841,5773.991599999999
0.8685,2800.0,ASK,2025-04-23 23:19:25.118841,2431.8
0.8686,3844.0,ASK,2025-04-23 23:19:25.118841,3338.8984
0.8687,4668.0,ASK,2025-04-23 23:19:25.118841,4055.0916
0.8688,7644.0,ASK,2025-04-23 23:19:25.118841,6641.1072
0.8689,721.0,ASK,2025-04-23 23:19:25.118841,626.4769
0.869,4000.0,ASK,2025-04-23 23:19:25.118841,3476.0
0.8691,4673.0,ASK,2025-04-23 23:19:25.118841,4061.3043
0.8692,29960.0,ASK,2025-04-23 23:19:25.118841,26041.232
0.8693,3882.0,ASK,2025-04-23 23:19:25.118841,3374.6225999999997
0.8694,2420.0,ASK,2025-04-23 23:19:25.118841,2103.948
0.8695,2841.0,ASK,2025-04-23 23:19:25.118841,2470.2495000000004
0.8696,3199.0,ASK,2025-04-23 23:19:25.118841,2781.8504000000003
0.8697,1611.0,ASK,2025-04-23 23:19:25.118841,1401.0867
0.8698,2859.0,ASK,2025-04-23 23:19:25.118841,2486.7582
0.8699,1920.0,ASK,2025-04-23 23:19:25.118841,1670.208
0.87,2058.0,ASK,2025-04-23 23:19:25.118841,1790.46
0.8701,944.0,ASK,2025-04-23 23:19:25.118841,821.3744
0.8702,3997.0,ASK,2025-04-23 23:19:25.118841,3478.1893999999998
0.8703,1217.0,ASK,2025-04-23 23:19:25.118841,1059.1551
0.8704,2190.0,ASK,2025-04-23 23:19:25.118841,1906.176
0.8705,36353.0,ASK,2025-04-23 23:19:25.118841,31645.286500000002
0.8706,2008.0,ASK,2025-04-23 23:19:25.118841,1748.1648
0.8707,395.0,ASK,2025-04-23 23:19:25.118841,343.92650000000003
0.8708,3108.0,ASK,2025-04-23 23:19:25.118841,2706.4464000000003
0.8709,350.0,ASK,2025-04-23 23:19:25.118841,304.815
0.871,2463.0,ASK,2025-04-23 23:19:25.118841,2145.273
0.8711,8473.0,ASK,2025-04-23 23:19:25.118841,7380.8303
0.8712,265.0,ASK,2025-04-23 23:19:25.118841,230.868
0.8713,348.0,ASK,2025-04-23 23:19:25.118841,303.2124
0.8714,2629.0,ASK,2025-04-23 23:19:25.118841,2290.9105999999997
0.8715,806.0,ASK,2025-04-23 23:19:25.118841,702.4290000000001
0.8716,136.0,ASK,2025-04-23 23:19:25.118841,118.53760000000001
0.8717,1340.0,ASK,2025-04-23 23:19:25.118841,1168.078
0.8718,369.0,ASK,2025-04-23 23:19:25.118841,321.6942
0.8719,22.0,ASK,2025-04-23 23:19:25.118841,19.1818
0.872,2452.0,ASK,2025-04-23 23:19:25.118841,2138.144
0.8721,5473.0,ASK,2025-04-23 23:19:25.118841,4773.0033
0.8722,150.0,ASK,2025-04-23 23:19:25.118841,130.82999999999998
0.8723,49707.0,ASK,2025-04-23 23:19:25.118841,43359.416099999995
0.8724,815.0,ASK,2025-04-23 23:19:25.118841,711.006
0.8725,12.0,ASK,2025-04-23 23:19:25.118841,10.47
0.8726,1770.0,ASK,2025-04-23 23:19:25.118841,1544.5020000000002
0.8727,102.0,ASK,2025-04-23 23:19:25.118841,89.0154
0.8728,90.0,ASK,2025-04-23 23:19:25.118841,78.552
0.8729,19692.0,ASK,2025-04-23 23:19:25.118841,17189.1468
0.873,1232.0,ASK,2025-04-23 23:19:25.118841,1075.536
0.8731,271.0,ASK,2025-04-23 23:19:25.118841,236.6101
0.8732,1599.0,ASK,2025-04-23 23:19:25.118841,1396.2468
0.8733,495.0,ASK,2025-04-23 23:19:25.118841,432.2835
0.8735,1106.0,ASK,2025-04-23 23:19:25.118841,966.091
0.8736,163.0,ASK,2025-04-23 23:19:25.118841,142.3968
0.8737,26.0,ASK,2025-04-23 23:19:25.118841,22.7162
0.8738,2258.0,ASK,2025-04-23 23:19:25.118841,1973.0404
0.8739,464.0,ASK,2025-04-23 23:19:25.118841,405.4896
0.874,2895.0,ASK,2025-04-23 23:19:25.118841,2530.23
0.8741,1407.0,ASK,2025-04-23 23:19:25.118841,1229.8587
0.8742,583.0,ASK,2025-04-23 23:19:25.118841,509.6586
0.8743,11.0,ASK,2025-04-23 23:19:25.118841,9.6173
0.8744,1332.0,ASK,2025-04-23 23:19:25.118841,1164.7007999999998
0.8746,497.0,ASK,2025-04-23 23:19:25.118841,434.6762
0.8747,1300.0,ASK,2025-04-23 23:19:25.118841,1137.1100000000001
0.8748,1220.0,ASK,2025-04-23 23:19:25.118841,1067.256
0.8749,8.0,ASK,2025-04-23 23:19:25.118841,6.9992
0.875,6971.0,ASK,2025-04-23 23:19:25.118841,6099.625
0.8751,472.0,ASK,2025-04-23 23:19:25.118841,413.0472
0.8752,30.0,ASK,2025-04-23 23:19:25.118841,26.256
0.8753,4766.0,ASK,2025-04-23 23:19:25.118841,4171.6798
0.8754,4895.0,ASK,2025-04-23 23:19:25.118841,4285.083
0.8755,12.0,ASK,2025-04-23 23:19:25.118841,10.506
0.8756,55.0,ASK,2025-04-23 23:19:25.118841,48.158
0.8757,33068.0,ASK,2025-04-23 23:19:25.118841,28957.6476
0.8758,3393.0,ASK,2025-04-23 23:19:25.118841,2971.5894000000003
0.8759,4069.0,ASK,2025-04-23 23:19:25.118841,3564.0371
0.876,19.0,ASK,2025-04-23 23:19:25.118841,16.644
0.8762,3606.0,ASK,2025-04-23 23:19:25.118841,3159.5771999999997
0.8764,574.0,ASK,2025-04-23 23:19:25.118841,503.05359999999996
0.8765,456.0,ASK,2025-04-23 23:19:25.118841,399.68399999999997
0.8769,540.0,ASK,2025-04-23 23:19:25.118841,473.526
0.8771,4875.0,ASK,2025-04-23 23:19:25.118841,4275.8625
0.8772,6.0,ASK,2025-04-23 23:19:25.118841,5.263199999999999
0.8773,6.0,ASK,2025-04-23 23:19:25.118841,5.2638
0.8774,464.0,ASK,2025-04-23 23:19:25.118841,407.11359999999996
0.8775,109.0,ASK,2025-04-23 23:19:25.118841,95.6475
0.8776,712.0,ASK,2025-04-23 23:19:25.118841,624.8512000000001
0.8777,817.0,ASK,2025-04-23 23:19:25.118841,717.0809
0.8779,19.0,ASK,2025-04-23 23:19:25.118841,16.6801
0.878,24.0,ASK,2025-04-23 23:19:25.118841,21.072
0.8781,715.0,ASK,2025-04-23 23:19:25.118841,627.8415
0.8782,464.0,ASK,2025-04-23 23:19:25.118841,407.4848
0.8784,657.0,ASK,2025-04-23 23:19:25.118841,577.1088
0.8785,110.0,ASK,2025-04-23 23:19:25.118841,96.63499999999999
0.8786,46.0,ASK,2025-04-23 23:19:25.118841,40.415600000000005
0.8787,1595.0,ASK,2025-04-23 23:19:25.118841,1401.5265000000002
0.8788,8.0,ASK,2025-04-23 23:19:25.118841,7.0304
0.8789,4784.0,ASK,2025-04-23 23:19:25.118841,4204.6576000000005
0.879,11.0,ASK,2025-04-23 23:19:25.118841,9.669
0.8792,510.0,ASK,2025-04-23 23:19:25.118841,448.392
0.8794,58058.0,ASK,2025-04-23 23:19:25.118841,51056.2052
0.8795,26.0,ASK,2025-04-23 23:19:25.118841,22.866999999999997
0.8796,3975.0,ASK,2025-04-23 23:19:25.118841,3496.4100000000003
0.8797,464.0,ASK,2025-04-23 23:19:25.118841,408.18080000000003
0.8798,14.0,ASK,2025-04-23 23:19:25.118841,12.3172
0.88,2193.0,ASK,2025-04-23 23:19:25.118841,1929.84
0.8803,464.0,ASK,2025-04-23 23:19:25.118841,408.4592
0.8804,5981.0,ASK,2025-04-23 23:19:25.118841,5265.6723999999995
0.8806,8.0,ASK,2025-04-23 23:19:25.118841,7.0448
0.8809,55.0,ASK,2025-04-23 23:19:25.118841,48.4495
0.881,11.0,ASK,2025-04-23 23:19:25.118841,9.691
0.8811,60.0,ASK,2025-04-23 23:19:25.118841,52.866
0.8814,129.0,ASK,2025-04-23 23:19:25.118841,113.7006
0.8816,6.0,ASK,2025-04-23 23:19:25.118841,5.2896
0.8817,977.0,ASK,2025-04-23 23:19:25.118841,861.4209000000001
0.8819,28.0,ASK,2025-04-23 23:19:25.118841,24.6932
0.882,2887.0,ASK,2025-04-23 23:19:25.118841,2546.334
0.8821,47.0,ASK,2025-04-23 23:19:25.118841,41.4587
0.8822,11.0,ASK,2025-04-23 23:19:25.118841,9.7042
0.8825,17.0,ASK,2025-04-23 23:19:25.118841,15.0025
0.8827,65.0,ASK,2025-04-23 23:19:25.118841,57.3755
0.8828,3393.0,ASK,2025-04-23 23:19:25.118841,2995.3404
0.883,1305.0,ASK,2025-04-23 23:19:25.118841,1152.315
0.8831,82.0,ASK,2025-04-23 23:19:25.118841,72.4142
0.8833,20.0,ASK,2025-04-23 23:19:25.118841,17.666
0.8834,26.0,ASK,2025-04-23 23:19:25.118841,22.9684
0.8838,17.0,ASK,2025-04-23 23:19:25.118841,15.024600000000001
0.8839,104.0,ASK,2025-04-23 23:19:25.118841,91.9256
0.8842,120.0,ASK,2025-04-23 23:19:25.118841,106.104
0.8843,12.0,ASK,2025-04-23 23:19:25.118841,10.6116
0.8844,1139.0,ASK,2025-04-23 23:19:25.118841,1007.3316
0.8846,13.0,ASK,2025-04-23 23:19:25.118841,11.4998
0.8847,34.0,ASK,2025-04-23 23:19:25.118841,30.079800000000002
0.8848,2143.0,ASK,2025-04-23 23:19:25.118841,1896.1264
0.8849,236.0,ASK,2025-04-23 23:19:25.118841,208.8364
0.885,11.0,ASK,2025-04-23 23:19:25.118841,9.735
0.8852,130.0,ASK,2025-04-23 23:19:25.118841,115.076
0.8853,127.0,ASK,2025-04-23 23:19:25.118841,112.4331
0.8857,814.0,ASK,2025-04-23 23:19:25.118841,720.9598000000001
0.886,5106.0,ASK,2025-04-23 23:19:25.118841,4523.916
0.8861,6.0,ASK,2025-04-23 23:19:25.118841,5.3166
0.8863,12.0,ASK,2025-04-23 23:19:25.118841,10.6356
0.8865,62.0,ASK,2025-04-23 23:19:25.118841,54.962999999999994
0.8866,14.0,ASK,2025-04-23 23:19:25.118841,12.412400000000002
0.8867,10.0,ASK,2025-04-23 23:19:25.118841,8.867
0.8868,16.0,ASK,2025-04-23 23:19:25.118841,14.1888
0.8869,6.0,ASK,2025-04-23 23:19:25.118841,5.321400000000001
0.887,1312.0,ASK,2025-04-23 23:19:25.118841,1163.744
0.8871,7.0,ASK,2025-04-23 23:19:25.118841,6.2097
0.8872,4832.0,ASK,2025-04-23 23:19:25.118841,4286.9504
0.8875,21.0,ASK,2025-04-23 23:19:25.118841,18.6375
0.8876,8.0,ASK,2025-04-23 23:19:25.118841,7.1008
0.8881,8.0,ASK,2025-04-23 23:19:25.118841,7.1048
0.8883,9.0,ASK,2025-04-23 23:19:25.118841,7.9947
0.8884,4.0,ASK,2025-04-23 23:19:25.118841,3.5536
0.8885,64.0,ASK,2025-04-23 23:19:25.118841,56.864
0.8886,6.0,ASK,2025-04-23 23:19:25.118841,5.3316
0.8887,12.0,ASK,2025-04-23 23:19:25.118841,10.6644
0.8888,353.0,ASK,2025-04-23 23:19:25.118841,313.7464
0.8889,40.0,ASK,2025-04-23 23:19:25.118841,35.556
0.889,2420.0,ASK,2025-04-23 23:19:25.118841,2151.38
0.8891,27.0,ASK,2025-04-23 23:19:25.118841,24.0057
0.8892,108.0,ASK,2025-04-23 23:19:25.118841,96.03359999999999
0.8893,4945.0,ASK,2025-04-23 23:19:25.118841,4397.5885
0.8894,15291.0,ASK,2025-04-23 23:19:25.118841,13599.8154
0.8895,15.0,ASK,2025-04-23 23:19:25.118841,13.3425
0.8896,1246.0,ASK,2025-04-23 23:19:25.118841,1108.4415999999999
0.8898,3494.0,ASK,2025-04-23 23:19:25.118841,3108.9612
0.8899,10.0,ASK,2025-04-23 23:19:25.118841,8.899000000000001
0.89,6536.0,ASK,2025-04-23 23:19:25.118841,5817.04
0.8901,1152.0,ASK,2025-04-23 23:19:25.118841,1025.3952
0.8902,124.0,ASK,2025-04-23 23:19:25.118841,110.3848
0.8905,6.0,ASK,2025-04-23 23:19:25.118841,5.343
0.8906,16.0,ASK,2025-04-23 23:19:25.118841,14.2496
0.8907,65.0,ASK,2025-04-23 23:19:25.118841,57.895500000000006
0.8909,65.0,ASK,2025-04-23 23:19:25.118841,57.908500000000004
0.891,90.0,ASK,2025-04-23 23:19:25.118841,80.19
0.8913,57.0,ASK,2025-04-23 23:19:25.118841,50.8041
0.8916,643.0,ASK,2025-04-23 23:19:25.118841,573.2987999999999
0.8919,60.0,ASK,2025-04-23 23:19:25.118841,53.514
0.892,30.0,ASK,2025-04-23 23:19:25.118841,26.76
0.8921,7.0,ASK,2025-04-23 23:19:25.118841,6.2447
0.8923,65.0,ASK,2025-04-23 23:19:25.118841,57.9995
0.8925,19.0,ASK,2025-04-23 23:19:25.118841,16.9575
0.8927,2078.0,ASK,2025-04-23 23:19:25.118841,1855.0306
0.8929,28.0,ASK,2025-04-23 23:19:25.118841,25.0012
0.893,16.0,ASK,2025-04-23 23:19:25.118841,14.288
0.8931,171.0,ASK,2025-04-23 23:19:25.118841,152.7201
0.8933,4580.0,ASK,2025-04-23 23:19:25.118841,4091.314
0.8936,9.0,ASK,2025-04-23 23:19:25.118841,8.042399999999999
0.8938,8.0,ASK,2025-04-23 23:19:25.118841,7.1504
0.8943,574.0,ASK,2025-04-23 23:19:25.118841,513.3282
0.8944,12.0,ASK,2025-04-23 23:19:25.118841,10.7328
0.8945,6.0,ASK,2025-04-23 23:19:25.118841,5.367
0.8947,1303.0,ASK,2025-04-23 23:19:25.118841,1165.7941
0.8948,31.0,ASK,2025-04-23 23:19:25.118841,27.7388
0.8949,89.0,ASK,2025-04-23 23:19:25.118841,79.6461
0.895,30.0,ASK,2025-04-23 23:19:25.118841,26.85
0.8952,12.0,ASK,2025-04-23 23:19:25.118841,10.7424
0.8953,23.0,ASK,2025-04-23 23:19:25.118841,20.5919
0.8954,4.0,ASK,2025-04-23 23:19:25.118841,3.5816
0.8955,5.0,ASK,2025-04-23 23:19:25.118841,4.4775
0.8956,6.0,ASK,2025-04-23 23:19:25.118841,5.3736
0.8957,11.0,ASK,2025-04-23 23:19:25.118841,9.8527
0.8958,1213.0,ASK,2025-04-23 23:19:25.118841,1086.6054000000001
0.896,2346.0,ASK,2025-04-23 23:19:25.118841,2102.016
0.8961,105.0,ASK,2025-04-23 23:19:25.118841,94.0905
0.8962,5.0,ASK,2025-04-23 23:19:25.118841,4.481
0.8963,15249.0,ASK,2025-04-23 23:19:25.118841,13667.6787
0.8964,7.0,ASK,2025-04-23 23:19:25.118841,6.2748
0.8966,3472.0,ASK,2025-04-23 23:19:25.118841,3112.9952
0.8967,32.0,ASK,2025-04-23 23:19:25.118841,28.6944
0.8968,3488.0,ASK,2025-04-23 23:19:25.118841,3128.0384000000004
0.8969,1.0,ASK,2025-04-23 23:19:25.118841,0.8969
0.897,154.0,ASK,2025-04-23 23:19:25.118841,138.138
0.8971,13.0,ASK,2025-04-23 23:19:25.118841,11.6623
0.8972,1158.0,ASK,2025-04-23 23:19:25.118841,1038.9576
0.8975,9.0,ASK,2025-04-23 23:19:25.118841,8.0775
0.8976,9.0,ASK,2025-04-23 23:19:25.118841,8.0784
0.8977,11.0,ASK,2025-04-23 23:19:25.118841,9.8747
0.8978,88.0,ASK,2025-04-23 23:19:25.118841,79.0064
0.8979,824.0,ASK,2025-04-23 23:19:25.118841,739.8696
0.898,232.0,ASK,2025-04-23 23:19:25.118841,208.336
0.8981,1447.0,ASK,2025-04-23 23:19:25.118841,1299.5507
0.8982,10.0,ASK,2025-04-23 23:19:25.118841,8.982
0.8983,4960.0,ASK,2025-04-23 23:19:25.118841,4455.568
0.8984,6281.0,ASK,2025-04-23 23:19:25.118841,5642.8504
0.8985,6.0,ASK,2025-04-23 23:19:25.118841,5.391
0.8987,6.0,ASK,2025-04-23 23:19:25.118841,5.392200000000001
0.8988,65.0,ASK,2025-04-23 23:19:25.118841,58.422000000000004
0.8989,6.0,ASK,2025-04-23 23:19:25.118841,5.3934
0.899,6045.0,ASK,2025-04-23 23:19:25.118841,5434.455
0.8991,3582.0,ASK,2025-04-23 23:19:25.118841,3220.5762
0.8992,30.0,ASK,2025-04-23 23:19:25.118841,26.976
0.8993,52.0,ASK,2025-04-23 23:19:25.118841,46.7636
0.8994,59.0,ASK,2025-04-23 23:19:25.118841,53.0646
0.8995,33.0,ASK,2025-04-23 23:19:25.118841,29.6835
0.8996,18.0,ASK,2025-04-23 23:19:25.118841,16.1928
0.8998,12.0,ASK,2025-04-23 23:19:25.118841,10.797600000000001
0.8999,5021.0,ASK,2025-04-23 23:19:25.118841,4518.3979
0.9,16214.0,ASK,2025-04-23 23:19:25.118841,14592.6
0.9001,1571.0,ASK,2025-04-23 23:19:25.118841,1414.0571
0.9003,13.0,ASK,2025-04-23 23:19:25.118841,11.703899999999999
0.9004,14.0,ASK,2025-04-23 23:19:25.118841,12.605599999999999
0.9005,18.0,ASK,2025-04-23 23:19:25.118841,16.209
0.9006,7.0,ASK,2025-04-23 23:19:25.118841,6.3042
0.9009,1675.0,ASK,2025-04-23 23:19:25.118841,1509.0075000000002
0.901,653.0,ASK,2025-04-23 23:19:25.118841,588.3530000000001
0.9011,10.0,ASK,2025-04-23 23:19:25.118841,9.011
0.9012,20.0,ASK,2025-04-23 23:19:25.118841,18.024
0.9013,34.0,ASK,2025-04-23 23:19:25.118841,30.644199999999998
0.9014,18.0,ASK,2025-04-23 23:19:25.118841,16.2252
0.9015,1158.0,ASK,2025-04-23 23:19:25.118841,1043.937
0.9016,7.0,ASK,2025-04-23 23:19:25.118841,6.3111999999999995
0.9018,28.0,ASK,2025-04-23 23:19:25.118841,25.250400000000003
0.902,49.0,ASK,2025-04-23 23:19:25.118841,44.198
0.9021,72.0,ASK,2025-04-23 23:19:25.118841,64.9512
0.9024,64.0,ASK,2025-04-23 23:19:25.118841,57.7536
0.9026,9.0,ASK,2025-04-23 23:19:25.118841,8.1234
0.9027,698.0,ASK,2025-04-23 23:19:25.118841,630.0845999999999
0.9028,1158.0,ASK,2025-04-23 23:19:25.118841,1045.4424000000001
0.9029,45.0,ASK,2025-04-23 23:19:25.118841,40.630500000000005
0.903,2317.0,ASK,2025-04-23 23:19:25.118841,2092.251
0.9032,18.0,ASK,2025-04-23 23:19:25.118841,16.2576
0.9033,44.0,ASK,2025-04-23 23:19:25.118841,39.7452
0.9037,60.0,ASK,2025-04-23 23:19:25.118841,54.221999999999994
0.9038,3480.0,ASK,2025-04-23 23:19:25.118841,3145.224
0.904,22.0,ASK,2025-04-23 23:19:25.118841,19.888
0.9042,19.0,ASK,2025-04-23 23:19:25.118841,17.1798
0.9043,11.0,ASK,2025-04-23 23:19:25.118841,9.9473
0.9045,258.0,ASK,2025-04-23 23:19:25.118841,233.361
0.9046,6.0,ASK,2025-04-23 23:19:25.118841,5.4276
0.905,139.0,ASK,2025-04-23 23:19:25.118841,125.795
0.9052,12.0,ASK,2025-04-23 23:19:25.118841,10.862400000000001
0.9055,27.0,ASK,2025-04-23 23:19:25.118841,24.4485
0.9059,66.0,ASK,2025-04-23 23:19:25.118841,59.7894
0.906,21.0,ASK,2025-04-23 23:19:25.118841,19.026
0.9061,31.0,ASK,2025-04-23 23:19:25.118841,28.089100000000002
0.9063,59.0,ASK,2025-04-23 23:19:25.118841,53.4717
0.9064,35.0,ASK,2025-04-23 23:19:25.118841,31.724
0.9067,1432.0,ASK,2025-04-23 23:19:25.118841,1298.3944
0.9068,1338.0,ASK,2025-04-23 23:19:25.118841,1213.2984000000001
0.9069,368.0,ASK,2025-04-23 23:19:25.118841,333.73920000000004
0.9071,71.0,ASK,2025-04-23 23:19:25.118841,64.4041
0.9072,1152.0,ASK,2025-04-23 23:19:25.118841,1045.0944
0.9073,231.0,ASK,2025-04-23 23:19:25.118841,209.5863
0.9074,14.0,ASK,2025-04-23 23:19:25.118841,12.7036
0.9077,6226.0,ASK,2025-04-23 23:19:25.118841,5651.3402
0.9078,12.0,ASK,2025-04-23 23:19:25.118841,10.893600000000001
0.908,15.0,ASK,2025-04-23 23:19:25.118841,13.620000000000001
0.9082,7.0,ASK,2025-04-23 23:19:25.118841,6.3574
0.9083,11.0,ASK,2025-04-23 23:19:25.118841,9.9913
0.9084,1406.0,ASK,2025-04-23 23:19:25.118841,1277.2104
0.9085,58.0,ASK,2025-04-23 23:19:25.118841,52.693
0.9086,31.0,ASK,2025-04-23 23:19:25.118841,28.1666
0.909,106.0,ASK,2025-04-23 23:19:25.118841,96.354
0.9091,33.0,ASK,2025-04-23 23:19:25.118841,30.0003
0.9093,15.0,ASK,2025-04-23 23:19:25.118841,13.6395
0.9095,13.0,ASK,2025-04-23 23:19:25.118841,11.8235
0.9097,50.0,ASK,2025-04-23 23:19:25.118841,45.485
0.9098,20.0,ASK,2025-04-23 23:19:25.118841,18.196
0.9099,15.0,ASK,2025-04-23 23:19:25.118841,13.6485
0.91,5035.0,ASK,2025-04-23 23:19:25.118841,4581.85
0.9101,6.0,ASK,2025-04-23 23:19:25.118841,5.4606
0.9103,16.0,ASK,2025-04-23 23:19:25.118841,14.5648
0.9104,30.0,ASK,2025-04-23 23:19:25.118841,27.312
0.9106,25.0,ASK,2025-04-23 23:19:25.118841,22.765
0.9108,3533.0,ASK,2025-04-23 23:19:25.118841,3217.8564
0.911,39.0,ASK,2025-04-23 23:19:25.118841,35.529
0.9111,2438.0,ASK,2025-04-23 23:19:25.118841,2221.2618
0.9112,8779.0,ASK,2025-04-23 23:19:25.118841,7999.4248
0.9117,14.0,ASK,2025-04-23 23:19:25.118841,12.7638
0.9118,191.0,ASK,2025-04-23 23:19:25.118841,174.15380000000002
0.9119,81.0,ASK,2025-04-23 23:19:25.118841,73.8639
0.912,34.0,ASK,2025-04-23 23:19:25.118841,31.008000000000003
0.9121,13.0,ASK,2025-04-23 23:19:25.118841,11.8573
0.9122,18.0,ASK,2025-04-23 23:19:25.118841,16.4196
0.9123,6.0,ASK,2025-04-23 23:19:25.118841,5.4738
0.9124,34.0,ASK,2025-04-23 23:19:25.118841,31.0216
0.9126,10.0,ASK,2025-04-23 23:19:25.118841,9.126
0.9127,3100.0,ASK,2025-04-23 23:19:25.118841,2829.37
0.9128,14.0,ASK,2025-04-23 23:19:25.118841,12.7792
0.9129,1152.0,ASK,2025-04-23 23:19:25.118841,1051.6608
0.913,124.0,ASK,2025-04-23 23:19:25.118841,113.212
0.9131,6.0,ASK,2025-04-23 23:19:25.118841,5.4786
0.9133,25.0,ASK,2025-04-23 23:19:25.118841,22.8325
0.9134,1569.0,ASK,2025-04-23 23:19:25.118841,1433.1245999999999
0.9135,984.0,ASK,2025-04-23 23:19:25.118841,898.884
0.9136,55.0,ASK,2025-04-23 23:19:25.118841,50.248
0.914,1189.0,ASK,2025-04-23 23:19:25.118841,1086.746
0.9141,2386.0,ASK,2025-04-23 23:19:25.118841,2181.0426
0.9143,6.0,ASK,2025-04-23 23:19:25.118841,5.4858
0.9146,11.0,ASK,2025-04-23 23:19:25.118841,10.060599999999999
0.9148,63.0,ASK,2025-04-23 23:19:25.118841,57.6324
0.915,238.0,ASK,2025-04-23 23:19:25.118841,217.77
0.9153,51.0,ASK,2025-04-23 23:19:25.118841,46.6803
0.9155,22.0,ASK,2025-04-23 23:19:25.118841,20.141
0.9156,6163.0,ASK,2025-04-23 23:19:25.118841,5642.842799999999
0.9158,98.0,ASK,2025-04-23 23:19:25.118841,89.74839999999999
0.916,7.0,ASK,2025-04-23 23:19:25.118841,6.412
0.9162,10.0,ASK,2025-04-23 23:19:25.118841,9.162
0.9165,6.0,ASK,2025-04-23 23:19:25.118841,5.499
0.9166,64.0,ASK,2025-04-23 23:19:25.118841,58.6624
0.9167,42.0,ASK,2025-04-23 23:19:25.118841,38.5014
0.9168,12.0,ASK,2025-04-23 23:19:25.118841,11.0016
0.9169,13.0,ASK,2025-04-23 23:19:25.118841,11.9197
0.917,2422.0,ASK,2025-04-23 23:19:25.118841,2220.974
0.9171,7.0,ASK,2025-04-23 23:19:25.118841,6.419700000000001
0.9173,14.0,ASK,2025-04-23 23:19:25.118841,12.8422
0.9174,2398.0,ASK,2025-04-23 23:19:25.118841,2199.9252
0.9175,6.0,ASK,2025-04-23 23:19:25.118841,5.505
0.9176,18.0,ASK,2025-04-23 23:19:25.118841,16.5168
0.9177,58.0,ASK,2025-04-23 23:19:25.118841,53.2266
0.9178,3460.0,ASK,2025-04-23 23:19:25.118841,3175.5879999999997
0.9179,43.0,ASK,2025-04-23 23:19:25.118841,39.4697
0.9183,10.0,ASK,2025-04-23 23:19:25.118841,9.183
0.9185,8.0,ASK,2025-04-23 23:19:25.118841,7.348
0.9186,1168.0,ASK,2025-04-23 23:19:25.118841,1072.9248
0.9187,39.0,ASK,2025-04-23 23:19:25.118841,35.829299999999996
0.9188,23.0,ASK,2025-04-23 23:19:25.118841,21.1324
0.9194,38.0,ASK,2025-04-23 23:19:25.118841,34.9372
0.9196,1161.0,ASK,2025-04-23 23:19:25.118841,1067.6556
0.9197,41.0,ASK,2025-04-23 23:19:25.118841,37.707699999999996
0.9198,23.0,ASK,2025-04-23 23:19:25.118841,21.1554
0.9199,6.0,ASK,2025-04-23 23:19:25.118841,5.5194
0.92,1466.0,ASK,2025-04-23 23:19:25.118841,1348.72
0.9201,243.0,ASK,2025-04-23 23:19:25.118841,223.5843
0.9202,6.0,ASK,2025-04-23 23:19:25.118841,5.5212
0.9205,15.0,ASK,2025-04-23 23:19:25.118841,13.8075
0.9206,108.0,ASK,2025-04-23 23:19:25.118841,99.42479999999999
0.9208,63.0,ASK,2025-04-23 23:19:25.118841,58.0104
0.9209,11.0,ASK,2025-04-23 23:19:25.118841,10.129900000000001
0.921,51.0,ASK,2025-04-23 23:19:25.118841,46.971000000000004
0.9211,130.0,ASK,2025-04-23 23:19:25.118841,119.74300000000001
0.9212,28.0,ASK,2025-04-23 23:19:25.118841,25.7936
0.9213,64.0,ASK,2025-04-23 23:19:25.118841,58.9632
0.9215,10.0,ASK,2025-04-23 23:19:25.118841,9.215
0.9216,12.0,ASK,2025-04-23 23:19:25.118841,11.0592
0.9217,6.0,ASK,2025-04-23 23:19:25.118841,5.5302
0.9218,30.0,ASK,2025-04-23 23:19:25.118841,27.654
0.922,458.0,ASK,2025-04-23 23:19:25.118841,422.276
0.9221,7.0,ASK,2025-04-23 23:19:25.118841,6.4547
0.9222,6.0,ASK,2025-04-23 23:19:25.118841,5.5332
0.9225,1514.0,ASK,2025-04-23 23:19:25.118841,1396.665
0.9226,697.0,ASK,2025-04-23 23:19:25.118841,643.0522
0.9228,21.0,ASK,2025-04-23 23:19:25.118841,19.3788
0.9229,63.0,ASK,2025-04-23 23:19:25.118841,58.142700000000005
0.923,219.0,ASK,2025-04-23 23:19:25.118841,202.137
0.9231,9.0,ASK,2025-04-23 23:19:25.118841,8.3079
0.9234,40.0,ASK,2025-04-23 23:19:25.118841,36.936
0.9236,2.0,ASK,2025-04-23 23:19:25.118841,1.8472
0.9238,29.0,ASK,2025-04-23 23:19:25.118841,26.7902
0.9239,2.0,ASK,2025-04-23 23:19:25.118841,1.8478
0.924,3755.0,ASK,2025-04-23 23:19:25.118841,3469.6200000000003
0.9241,27.0,ASK,2025-04-23 23:19:25.118841,24.9507
0.9242,15.0,ASK,2025-04-23 23:19:25.118841,13.863
0.9243,1161.0,ASK,2025-04-23 23:19:25.118841,1073.1123
0.9244,1435.0,ASK,2025-04-23 23:19:25.118841,1326.514
0.9246,7.0,ASK,2025-04-23 23:19:25.118841,6.4722
0.9248,3502.0,ASK,2025-04-23 23:19:25.118841,3238.6495999999997
0.9249,8.0,ASK,2025-04-23 23:19:25.118841,7.3992
0.925,1.0,ASK,2025-04-23 23:19:25.118841,0.925
0.9251,904.0,ASK,2025-04-23 23:19:25.118841,836.2904
0.9252,1150.0,ASK,2025-04-23 23:19:25.118841,1063.98
0.9254,10705.0,ASK,2025-04-23 23:19:25.118841,9906.407
0.9256,2.0,ASK,2025-04-23 23:19:25.118841,1.8512
0.9257,22.0,ASK,2025-04-23 23:19:25.118841,20.3654
0.9258,68.0,ASK,2025-04-23 23:19:25.118841,62.9544
0.9259,11.0,ASK,2025-04-23 23:19:25.118841,10.184899999999999
0.926,2.0,ASK,2025-04-23 23:19:25.118841,1.852
0.9261,6168.0,ASK,2025-04-23 23:19:25.118841,5712.1848
0.9262,2.0,ASK,2025-04-23 23:19:25.118841,1.8524
0.9264,4863.0,ASK,2025-04-23 23:19:25.118841,4505.0832
0.9265,12.0,ASK,2025-04-23 23:19:25.118841,11.118
0.9266,33.0,ASK,2025-04-23 23:19:25.118841,30.5778
0.9268,693.0,ASK,2025-04-23 23:19:25.118841,642.2724
0.9269,1.0,ASK,2025-04-23 23:19:25.118841,0.9269
0.927,12.0,ASK,2025-04-23 23:19:25.118841,11.124
0.9271,8.0,ASK,2025-04-23 23:19:25.118841,7.4168
0.9272,11.0,ASK,2025-04-23 23:19:25.118841,10.199200000000001
0.9273,1.0,ASK,2025-04-23 23:19:25.118841,0.9273
0.9275,1.0,ASK,2025-04-23 23:19:25.118841,0.9275
0.9276,14.0,ASK,2025-04-23 23:19:25.118841,12.9864
0.9278,49.0,ASK,2025-04-23 23:19:25.118841,45.462199999999996
0.9279,38.0,ASK,2025-04-23 23:19:25.118841,35.2602
0.928,1.0,ASK,2025-04-23 23:19:25.118841,0.928
0.9281,14.0,ASK,2025-04-23 23:19:25.118841,12.993400000000001
0.9283,23.0,ASK,2025-04-23 23:19:25.118841,21.3509
0.9284,169.0,ASK,2025-04-23 23:19:25.118841,156.8996
0.9286,1.0,ASK,2025-04-23 23:19:25.118841,0.9286
0.9287,16.0,ASK,2025-04-23 23:19:25.118841,14.8592
0.9288,74.0,ASK,2025-04-23 23:19:25.118841,68.7312
0.9289,107.0,ASK,2025-04-23 23:19:25.118841,99.39229999999999
0.929,34.0,ASK,2025-04-23 23:19:25.118841,31.586000000000002
0.9291,12.0,ASK,2025-04-23 23:19:25.118841,11.1492
0.9292,103.0,ASK,2025-04-23 23:19:25.118841,95.7076
0.9293,134.0,ASK,2025-04-23 23:19:25.118841,124.5262
0.9295,3487.0,ASK,2025-04-23 23:19:25.118841,3241.1665
0.9297,20.0,ASK,2025-04-23 23:19:25.118841,18.594
0.9298,10.0,ASK,2025-04-23 23:19:25.118841,9.298
0.9299,11.0,ASK,2025-04-23 23:19:25.118841,10.2289
0.93,27172.0,ASK,2025-04-23 23:19:25.118841,25269.960000000003
0.9301,101.0,ASK,2025-04-23 23:19:25.118841,93.9401
0.9302,18.0,ASK,2025-04-23 23:19:25.118841,16.7436
0.9303,2.0,ASK,2025-04-23 23:19:25.118841,1.8606
0.9304,1390.0,ASK,2025-04-23 23:19:25.118841,1293.256
0.9305,1.0,ASK,2025-04-23 23:19:25.118841,0.9305
0.9307,2.0,ASK,2025-04-23 23:19:25.118841,1.8614
0.9308,1214.0,ASK,2025-04-23 23:19:25.118841,1129.9912
0.9309,215.0,ASK,2025-04-23 23:19:25.118841,200.1435
0.931,2838.0,ASK,2025-04-23 23:19:25.118841,2642.1780000000003
0.9311,69.0,ASK,2025-04-23 23:19:25.118841,64.2459
0.9313,57.0,ASK,2025-04-23 23:19:25.118841,53.0841
0.9315,1.0,ASK,2025-04-23 23:19:25.118841,0.9315
0.9317,121.0,ASK,2025-04-23 23:19:25.118841,112.7357
0.9318,3505.0,ASK,2025-04-23 23:19:25.118841,3265.959
0.9319,279.0,ASK,2025-04-23 23:19:25.118841,260.0001
0.932,105.0,ASK,2025-04-23 23:19:25.118841,97.86
0.9321,35.0,ASK,2025-04-23 23:19:25.118841,32.6235
0.9322,34.0,ASK,2025-04-23 23:19:25.118841,31.6948
0.9323,9.0,ASK,2025-04-23 23:19:25.118841,8.3907
0.9324,18.0,ASK,2025-04-23 23:19:25.118841,16.7832
0.9325,1348.0,ASK,2025-04-23 23:19:25.118841,1257.01
0.9327,1181.0,ASK,2025-04-23 23:19:25.118841,1101.5187
0.9329,1.0,ASK,2025-04-23 23:19:25.118841,0.9329
0.933,2143.0,ASK,2025-04-23 23:19:25.118841,1999.419
0.9331,1.0,ASK,2025-04-23 23:19:25.118841,0.9331
0.9332,6.0,ASK,2025-04-23 23:19:25.118841,5.5992
0.9333,204.0,ASK,2025-04-23 23:19:25.118841,190.3932
0.9335,21.0,ASK,2025-04-23 23:19:25.118841,19.6035
0.9337,1.0,ASK,2025-04-23 23:19:25.118841,0.9337
0.9339,1.0,ASK,2025-04-23 23:19:25.118841,0.9339
0.934,4247.0,ASK,2025-04-23 23:19:25.118841,3966.6980000000003
0.9341,134.0,ASK,2025-04-23 23:19:25.118841,125.16940000000001
0.9343,15.0,ASK,2025-04-23 23:19:25.118841,14.0145
0.9345,41.0,ASK,2025-04-23 23:19:25.118841,38.3145
0.9347,6038.0,ASK,2025-04-23 23:19:25.118841,5643.7186
0.9348,223.0,ASK,2025-04-23 23:19:25.118841,208.4604
0.9349,101.0,ASK,2025-04-23 23:19:25.118841,94.4249
0.935,5179.0,ASK,2025-04-23 23:19:25.118841,4842.365000000001
0.9351,1.0,ASK,2025-04-23 23:19:25.118841,0.9351
0.9353,1.0,ASK,2025-04-23 23:19:25.118841,0.9353
0.9354,21.0,ASK,2025-04-23 23:19:25.118841,19.6434
0.9355,1.0,ASK,2025-04-23 23:19:25.118841,0.9355
0.9356,42.0,ASK,2025-04-23 23:19:25.118841,39.2952
0.9357,1253.0,ASK,2025-04-23 23:19:25.118841,1172.4321
0.9358,119.0,ASK,2025-04-23 23:19:25.118841,111.36019999999999
0.9359,1372.0,ASK,2025-04-23 23:19:25.118841,1284.0548
0.936,68.0,ASK,2025-04-23 23:19:25.118841,63.648
0.9361,1.0,ASK,2025-04-23 23:19:25.118841,0.9361
0.9363,1.0,ASK,2025-04-23 23:19:25.118841,0.9363
0.9364,1153.0,ASK,2025-04-23 23:19:25.118841,1079.6692
0.9365,108.0,ASK,2025-04-23 23:19:25.118841,101.142
0.9366,8.0,ASK,2025-04-23 23:19:25.118841,7.4928
0.9367,1.0,ASK,2025-04-23 23:19:25.118841,0.9367
0.9369,109.0,ASK,2025-04-23 23:19:25.118841,102.12209999999999
0.9371,15.0,ASK,2025-04-23 23:19:25.118841,14.0565
0.9374,246.0,ASK,2025-04-23 23:19:25.118841,230.6004
0.9377,21.0,ASK,2025-04-23 23:19:25.118841,19.6917
0.9378,6.0,ASK,2025-04-23 23:19:25.118841,5.626799999999999
0.938,6324.0,ASK,2025-04-23 23:19:25.118841,5931.911999999999
0.9381,1.0,ASK,2025-04-23 23:19:25.118841,0.9381
0.9382,101.0,ASK,2025-04-23 23:19:25.118841,94.7582
0.9384,12.0,ASK,2025-04-23 23:19:25.118841,11.2608
0.9385,10.0,ASK,2025-04-23 23:19:25.118841,9.385
0.9386,1.0,ASK,2025-04-23 23:19:25.118841,0.9386
0.9388,3466.0,ASK,2025-04-23 23:19:25.118841,3253.8808
0.939,1165.0,ASK,2025-04-23 23:19:25.118841,1093.935
0.9391,13.0,ASK,2025-04-23 23:19:25.118841,12.208300000000001
0.9392,33.0,ASK,2025-04-23 23:19:25.118841,30.9936
0.9393,4517.0,ASK,2025-04-23 23:19:25.118841,4242.8181
0.9394,63.0,ASK,2025-04-23 23:19:25.118841,59.1822
0.9395,15.0,ASK,2025-04-23 23:19:25.118841,14.0925
0.9396,19.0,ASK,2025-04-23 23:19:25.118841,17.8524
0.9397,22.0,ASK,2025-04-23 23:19:25.118841,20.6734
0.9398,123.0,ASK,2025-04-23 23:19:25.118841,115.5954
0.94,1082.0,ASK,2025-04-23 23:19:25.118841,1017.0799999999999
0.9403,21.0,ASK,2025-04-23 23:19:25.118841,19.7463
0.9404,53.0,ASK,2025-04-23 23:19:25.118841,49.8412
0.9406,211.0,ASK,2025-04-23 23:19:25.118841,198.4666
0.9409,57.0,ASK,2025-04-23 23:19:25.118841,53.631299999999996
0.941,192.0,ASK,2025-04-23 23:19:25.118841,180.672
0.9413,10.0,ASK,2025-04-23 23:19:25.118841,9.413
0.9414,1152.0,ASK,2025-04-23 23:19:25.118841,1084.4928
0.9416,102.0,ASK,2025-04-23 23:19:25.118841,96.0432
0.942,1438.0,ASK,2025-04-23 23:19:25.118841,1354.596
0.9421,37.0,ASK,2025-04-23 23:19:25.118841,34.8577
0.9422,1.0,ASK,2025-04-23 23:19:25.118841,0.9422
0.9424,33.0,ASK,2025-04-23 23:19:25.118841,31.0992
0.9426,7.0,ASK,2025-04-23 23:19:25.118841,6.5982
0.9427,605.0,ASK,2025-04-23 23:19:25.118841,570.3335
0.9429,27.0,ASK,2025-04-23 23:19:25.118841,25.458299999999998
0.9431,180.0,ASK,2025-04-23 23:19:25.118841,169.758
0.9434,49.0,ASK,2025-04-23 23:19:25.118841,46.2266
0.9435,15.0,ASK,2025-04-23 23:19:25.118841,14.1525
0.9436,345.0,ASK,2025-04-23 23:19:25.118841,325.542
0.944,6.0,ASK,2025-04-23 23:19:25.118841,5.664
0.9441,28.0,ASK,2025-04-23 23:19:25.118841,26.434800000000003
0.9442,10.0,ASK,2025-04-23 23:19:25.118841,9.442
0.9444,327.0,ASK,2025-04-23 23:19:25.118841,308.8188
0.9447,8.0,ASK,2025-04-23 23:19:25.118841,7.5576
0.945,6306.0,ASK,2025-04-23 23:19:25.118841,5959.17
0.9451,56.0,ASK,2025-04-23 23:19:25.118841,52.9256
0.9453,130.0,ASK,2025-04-23 23:19:25.118841,122.88900000000001
0.9455,64.0,ASK,2025-04-23 23:19:25.118841,60.512
0.9456,40.0,ASK,2025-04-23 23:19:25.118841,37.824
0.9457,126.0,ASK,2025-04-23 23:19:25.118841,119.1582
0.9461,68.0,ASK,2025-04-23 23:19:25.118841,64.3348
0.9464,22.0,ASK,2025-04-23 23:19:25.118841,20.820800000000002
0.9466,40.0,ASK,2025-04-23 23:19:25.118841,37.864
0.9469,25.0,ASK,2025-04-23 23:19:25.118841,23.6725
0.9471,4198.0,ASK,2025-04-23 23:19:25.118841,3975.9258000000004
0.9474,1518.0,ASK,2025-04-23 23:19:25.118841,1438.1532
0.9477,61.0,ASK,2025-04-23 23:19:25.118841,57.8097
0.9481,33.0,ASK,2025-04-23 23:19:25.118841,31.287300000000002
0.9482,22.0,ASK,2025-04-23 23:19:25.118841,20.860400000000002
0.9484,12.0,ASK,2025-04-23 23:19:25.118841,11.3808
0.9487,7.0,ASK,2025-04-23 23:19:25.118841,6.6409
0.9489,268.0,ASK,2025-04-23 23:19:25.118841,254.30519999999999
0.9492,12.0,ASK,2025-04-23 23:19:25.118841,11.3904
0.9493,8.0,ASK,2025-04-23 23:19:25.118841,7.5944
0.9494,9.0,ASK,2025-04-23 23:19:25.118841,8.5446
0.9499,636.0,ASK,2025-04-23 23:19:25.118841,604.1364
0.95,10469.0,ASK,2025-04-23 23:19:25.118841,9945.55
0.9501,6.0,ASK,2025-04-23 23:19:25.118841,5.7006
0.9502,24.0,ASK,2025-04-23 23:19:25.118841,22.8048
0.9504,79.0,ASK,2025-04-23 23:19:25.118841,75.08160000000001
0.9505,1.0,ASK,2025-04-23 23:19:25.118841,0.9505
0.9506,1997.0,ASK,2025-04-23 23:19:25.118841,1898.3482
0.9507,24.0,ASK,2025-04-23 23:19:25.118841,22.8168
0.9508,5.0,ASK,2025-04-23 23:19:25.118841,4.754
0.951,1109.0,ASK,2025-04-23 23:19:25.118841,1054.6589999999999
0.9511,34.0,ASK,2025-04-23 23:19:25.118841,32.337399999999995
0.9512,57.0,ASK,2025-04-23 23:19:25.118841,54.2184
0.9513,33.0,ASK,2025-04-23 23:19:25.118841,31.3929
0.9515,24.0,ASK,2025-04-23 23:19:25.118841,22.836
0.9516,11.0,ASK,2025-04-23 23:19:25.118841,10.467600000000001
0.9518,145.0,ASK,2025-04-23 23:19:25.118841,138.011
0.952,2329.0,ASK,2025-04-23 23:19:25.118841,2217.208
0.9521,7.0,ASK,2025-04-23 23:19:25.118841,6.6647
0.9523,2340.0,ASK,2025-04-23 23:19:25.118841,2228.382
0.9524,11.0,ASK,2025-04-23 23:19:25.118841,10.4764
0.9525,48.0,ASK,2025-04-23 23:19:25.118841,45.72
0.9526,21.0,ASK,2025-04-23 23:19:25.118841,20.0046
0.9527,33.0,ASK,2025-04-23 23:19:25.118841,31.4391
0.9528,12.0,ASK,2025-04-23 23:19:25.118841,11.4336
0.953,68.0,ASK,2025-04-23 23:19:25.118841,64.804
0.9533,14.0,ASK,2025-04-23 23:19:25.118841,13.3462
0.9534,238.0,ASK,2025-04-23 23:19:25.118841,226.9092
0.9535,55.0,ASK,2025-04-23 23:19:25.118841,52.4425
0.9536,12.0,ASK,2025-04-23 23:19:25.118841,11.443200000000001
0.9539,12.0,ASK,2025-04-23 23:19:25.118841,11.4468
0.954,6.0,ASK,2025-04-23 23:19:25.118841,5.724
0.9541,116.0,ASK,2025-04-23 23:19:25.118841,110.67559999999999
0.9542,55.0,ASK,2025-04-23 23:19:25.118841,52.481
0.9543,107.0,ASK,2025-04-23 23:19:25.118841,102.1101
0.9546,1.0,ASK,2025-04-23 23:19:25.118841,0.9546
0.9547,9.0,ASK,2025-04-23 23:19:25.118841,8.5923
0.9549,7.0,ASK,2025-04-23 23:19:25.118841,6.6842999999999995
0.955,104.0,ASK,2025-04-23 23:19:25.118841,99.32
0.9554,300.0,ASK,2025-04-23 23:19:25.118841,286.62
0.9557,66.0,ASK,2025-04-23 23:19:25.118841,63.0762
0.9559,13.0,ASK,2025-04-23 23:19:25.118841,12.4267
0.9561,60.0,ASK,2025-04-23 23:19:25.118841,57.366
0.9564,109.0,ASK,2025-04-23 23:19:25.118841,104.2476
0.9566,34.0,ASK,2025-04-23 23:19:25.118841,32.5244
0.9567,6.0,ASK,2025-04-23 23:19:25.118841,5.7402
0.957,23.0,ASK,2025-04-23 23:19:25.118841,22.011
0.9571,7.0,ASK,2025-04-23 23:19:25.118841,6.6997
0.9573,33.0,ASK,2025-04-23 23:19:25.118841,31.5909
0.9575,11.0,ASK,2025-04-23 23:19:25.118841,10.5325
0.9578,15.0,ASK,2025-04-23 23:19:25.118841,14.366999999999999
0.9581,58.0,ASK,2025-04-23 23:19:25.118841,55.5698
0.9583,100.0,ASK,2025-04-23 23:19:25.118841,95.83
0.9586,505.0,ASK,2025-04-23 23:19:25.118841,484.093
0.9587,61.0,ASK,2025-04-23 23:19:25.118841,58.4807
0.9588,21.0,ASK,2025-04-23 23:19:25.118841,20.1348
0.9589,9.0,ASK,2025-04-23 23:19:25.118841,8.6301
0.959,5212.0,ASK,2025-04-23 23:19:25.118841,4998.308
0.9595,12.0,ASK,2025-04-23 23:19:25.118841,11.514
0.9599,3.0,ASK,2025-04-23 23:19:25.118841,2.8796999999999997
0.96,205.0,ASK,2025-04-23 23:19:25.118841,196.79999999999998
0.9601,27.0,ASK,2025-04-23 23:19:25.118841,25.9227
0.9603,64.0,ASK,2025-04-23 23:19:25.118841,61.4592
0.9606,20.0,ASK,2025-04-23 23:19:25.118841,19.212
0.961,7.0,ASK,2025-04-23 23:19:25.118841,6.726999999999999
0.9613,58.0,ASK,2025-04-23 23:19:25.118841,55.7554
0.9615,8.0,ASK,2025-04-23 23:19:25.118841,7.692
0.9616,72.0,ASK,2025-04-23 23:19:25.118841,69.2352
0.9622,53.0,ASK,2025-04-23 23:19:25.118841,50.9966
0.9624,12.0,ASK,2025-04-23 23:19:25.118841,11.5488
0.9625,114.0,ASK,2025-04-23 23:19:25.118841,109.72500000000001
0.9626,14.0,ASK,2025-04-23 23:19:25.118841,13.4764
0.9627,30.0,ASK,2025-04-23 23:19:25.118841,28.881
0.9628,1.0,ASK,2025-04-23 23:19:25.118841,0.9628
0.9631,9.0,ASK,2025-04-23 23:19:25.118841,8.6679
0.9632,32.0,ASK,2025-04-23 23:19:25.118841,30.8224
0.9634,66.0,ASK,2025-04-23 23:19:25.118841,63.5844
0.9636,20.0,ASK,2025-04-23 23:19:25.118841,19.272
0.9639,32.0,ASK,2025-04-23 23:19:25.118841,30.8448
0.964,6.0,ASK,2025-04-23 23:19:25.118841,5.784
0.9645,2356.0,ASK,2025-04-23 23:19:25.118841,2272.362
0.9646,60.0,ASK,2025-04-23 23:19:25.118841,57.876
0.9647,7.0,ASK,2025-04-23 23:19:25.118841,6.7529
0.9649,42.0,ASK,2025-04-23 23:19:25.118841,40.5258
0.965,517.0,ASK,2025-04-23 23:19:25.118841,498.905
0.9651,23.0,ASK,2025-04-23 23:19:25.118841,22.1973
0.9652,13.0,ASK,2025-04-23 23:19:25.118841,12.5476
0.9653,79.0,ASK,2025-04-23 23:19:25.118841,76.2587
0.9655,9.0,ASK,2025-04-23 23:19:25.118841,8.6895
0.9656,28.0,ASK,2025-04-23 23:19:25.118841,27.0368
0.9657,21.0,ASK,2025-04-23 23:19:25.118841,20.2797
0.9659,7.0,ASK,2025-04-23 23:19:25.118841,6.7613
0.9662,21.0,ASK,2025-04-23 23:19:25.118841,20.2902
0.9663,21.0,ASK,2025-04-23 23:19:25.118841,20.2923
0.9664,132.0,ASK,2025-04-23 23:19:25.118841,127.5648
0.9665,28.0,ASK,2025-04-23 23:19:25.118841,27.062
0.9666,771.0,ASK,2025-04-23 23:19:25.118841,745.2486
0.9667,98.0,ASK,2025-04-23 23:19:25.118841,94.7366
0.9668,265.0,ASK,2025-04-23 23:19:25.118841,256.202
0.967,57.0,ASK,2025-04-23 23:19:25.118841,55.119
0.9671,516.0,ASK,2025-04-23 23:19:25.118841,499.0236
0.9672,56.0,ASK,2025-04-23 23:19:25.118841,54.163199999999996
0.9673,98.0,ASK,2025-04-23 23:19:25.118841,94.7954
0.9674,49.0,ASK,2025-04-23 23:19:25.118841,47.4026
0.9675,28.0,ASK,2025-04-23 23:19:25.118841,27.09
0.9676,21.0,ASK,2025-04-23 23:19:25.118841,20.3196
0.9677,69.0,ASK,2025-04-23 23:19:25.118841,66.7713
0.9678,63.0,ASK,2025-04-23 23:19:25.118841,60.9714
0.9679,6.0,ASK,2025-04-23 23:19:25.118841,5.8073999999999995
0.968,12994.0,ASK,2025-04-23 23:19:25.118841,12578.192
0.9681,77.0,ASK,2025-04-23 23:19:25.118841,74.5437
0.9682,21.0,ASK,2025-04-23 23:19:25.118841,20.3322
0.9683,35.0,ASK,2025-04-23 23:19:25.118841,33.8905
0.9684,38.0,ASK,2025-04-23 23:19:25.118841,36.7992
0.9685,13.0,ASK,2025-04-23 23:19:25.118841,12.5905
0.9686,61.0,ASK,2025-04-23 23:19:25.118841,59.0846
0.9687,14.0,ASK,2025-04-23 23:19:25.118841,13.5618
0.9688,700.0,ASK,2025-04-23 23:19:25.118841,678.16
0.9689,35.0,ASK,2025-04-23 23:19:25.118841,33.9115
0.969,18.0,ASK,2025-04-23 23:19:25.118841,17.442
0.9691,28.0,ASK,2025-04-23 23:19:25.118841,27.1348
0.9692,5.0,ASK,2025-04-23 23:19:25.118841,4.846
0.9693,7.0,ASK,2025-04-23 23:19:25.118841,6.7851
0.9694,60.0,ASK,2025-04-23 23:19:25.118841,58.164
0.9695,150.0,ASK,2025-04-23 23:19:25.118841,145.425
0.9696,36.0,ASK,2025-04-23 23:19:25.118841,34.9056
0.9697,8.0,ASK,2025-04-23 23:19:25.118841,7.7576
0.9698,28.0,ASK,2025-04-23 23:19:25.118841,27.1544
0.9699,61.0,ASK,2025-04-23 23:19:25.118841,59.1639
0.97,2115.0,ASK,2025-04-23 23:19:25.118841,2051.5499999999997
0.9701,7.0,ASK,2025-04-23 23:19:25.118841,6.790699999999999
0.9702,14.0,ASK,2025-04-23 23:19:25.118841,13.582799999999999
0.9703,85.0,ASK,2025-04-23 23:19:25.118841,82.47550000000001
0.9705,206.0,ASK,2025-04-23 23:19:25.118841,199.923
0.9706,21.0,ASK,2025-04-23 23:19:25.118841,20.3826
0.9707,3524.0,ASK,2025-04-23 23:19:25.118841,3420.7468
0.9709,21.0,ASK,2025-04-23 23:19:25.118841,20.3889
0.971,38.0,ASK,2025-04-23 23:19:25.118841,36.897999999999996
0.9711,128.0,ASK,2025-04-23 23:19:25.118841,124.3008
0.9712,21.0,ASK,2025-04-23 23:19:25.118841,20.3952
0.9713,18.0,ASK,2025-04-23 23:19:25.118841,17.4834
0.9714,18.0,ASK,2025-04-23 23:19:25.118841,17.4852
0.9715,47.0,ASK,2025-04-23 23:19:25.118841,45.6605
0.9717,7.0,ASK,2025-04-23 23:19:25.118841,6.8019
0.9718,487.0,ASK,2025-04-23 23:19:25.118841,473.2666
0.972,28.0,ASK,2025-04-23 23:19:25.118841,27.216
0.9721,57.0,ASK,2025-04-23 23:19:25.118841,55.4097
0.9722,621.0,ASK,2025-04-23 23:19:25.118841,603.7361999999999
0.9725,54.0,ASK,2025-04-23 23:19:25.118841,52.515
0.9726,21.0,ASK,2025-04-23 23:19:25.118841,20.4246
0.9727,14.0,ASK,2025-04-23 23:19:25.118841,13.6178
0.9728,35.0,ASK,2025-04-23 23:19:25.118841,34.048
0.9729,28.0,ASK,2025-04-23 23:19:25.118841,27.2412
0.973,14.0,ASK,2025-04-23 23:19:25.118841,13.622
0.9731,17.0,ASK,2025-04-23 23:19:25.118841,16.5427
0.9732,179.0,ASK,2025-04-23 23:19:25.118841,174.2028
0.9734,110.0,ASK,2025-04-23 23:19:25.118841,107.074
0.9736,7.0,ASK,2025-04-23 23:19:25.118841,6.8152
0.9737,28.0,ASK,2025-04-23 23:19:25.118841,27.2636
0.9738,60.0,ASK,2025-04-23 23:19:25.118841,58.428
0.9739,21.0,ASK,2025-04-23 23:19:25.118841,20.4519
0.974,49.0,ASK,2025-04-23 23:19:25.118841,47.726
0.9741,14.0,ASK,2025-04-23 23:19:25.118841,13.6374
0.9742,55.0,ASK,2025-04-23 23:19:25.118841,53.580999999999996
0.9743,7.0,ASK,2025-04-23 23:19:25.118841,6.8201
0.9745,27.0,ASK,2025-04-23 23:19:25.118841,26.311500000000002
0.9746,35.0,ASK,2025-04-23 23:19:25.118841,34.111000000000004
0.9747,21.0,ASK,2025-04-23 23:19:25.118841,20.468700000000002
0.9748,7.0,ASK,2025-04-23 23:19:25.118841,6.8236
0.9749,2001.0,ASK,2025-04-23 23:19:25.118841,1950.7749
0.975,21.0,ASK,2025-04-23 23:19:25.118841,20.474999999999998
0.9751,42.0,ASK,2025-04-23 23:19:25.118841,40.9542
0.9752,556.0,ASK,2025-04-23 23:19:25.118841,542.2112
0.9753,98.0,ASK,2025-04-23 23:19:25.118841,95.57939999999999
0.9754,85.0,ASK,2025-04-23 23:19:25.118841,82.909
0.9755,25.0,ASK,2025-04-23 23:19:25.118841,24.3875
0.9756,21.0,ASK,2025-04-23 23:19:25.118841,20.4876
0.9757,7.0,ASK,2025-04-23 23:19:25.118841,6.8299
0.9758,21.0,ASK,2025-04-23 23:19:25.118841,20.4918
0.9759,20.0,ASK,2025-04-23 23:19:25.118841,19.518
0.976,21.0,ASK,2025-04-23 23:19:25.118841,20.496
0.9761,49.0,ASK,2025-04-23 23:19:25.118841,47.8289
0.9762,14.0,ASK,2025-04-23 23:19:25.118841,13.666799999999999
0.9764,159.0,ASK,2025-04-23 23:19:25.118841,155.2476
0.9765,28.0,ASK,2025-04-23 23:19:25.118841,27.342000000000002
0.9766,385.0,ASK,2025-04-23 23:19:25.118841,375.991
0.9767,14.0,ASK,2025-04-23 23:19:25.118841,13.6738
0.9768,122.0,ASK,2025-04-23 23:19:25.118841,119.1696
0.9769,7.0,ASK,2025-04-23 23:19:25.118841,6.8383
0.977,21.0,ASK,2025-04-23 23:19:25.118841,20.517
0.9771,14.0,ASK,2025-04-23 23:19:25.118841,13.6794
0.9772,7.0,ASK,2025-04-23 23:19:25.118841,6.8404
0.9773,2554.0,ASK,2025-04-23 23:19:25.118841,2496.0242
0.9774,21.0,ASK,2025-04-23 23:19:25.118841,20.5254
0.9775,35.0,ASK,2025-04-23 23:19:25.118841,34.2125
0.9776,14.0,ASK,2025-04-23 23:19:25.118841,13.6864
0.9777,18.0,ASK,2025-04-23 23:19:25.118841,17.5986
0.9778,63.0,ASK,2025-04-23 23:19:25.118841,61.6014
0.9779,14.0,ASK,2025-04-23 23:19:25.118841,13.6906
0.978,14.0,ASK,2025-04-23 23:19:25.118841,13.692
0.9781,11.0,ASK,2025-04-23 23:19:25.118841,10.7591
0.9782,14.0,ASK,2025-04-23 23:19:25.118841,13.694799999999999
0.9783,14.0,ASK,2025-04-23 23:19:25.118841,13.6962
0.9784,7.0,ASK,2025-04-23 23:19:25.118841,6.848800000000001
0.9785,72.0,ASK,2025-04-23 23:19:25.118841,70.452
0.9786,21.0,ASK,2025-04-23 23:19:25.118841,20.5506
0.9787,32.0,ASK,2025-04-23 23:19:25.118841,31.3184
0.9788,76.0,ASK,2025-04-23 23:19:25.118841,74.3888
0.9789,250.0,ASK,2025-04-23 23:19:25.118841,244.725
0.979,21.0,ASK,2025-04-23 23:19:25.118841,20.559
0.9792,28.0,ASK,2025-04-23 23:19:25.118841,27.4176
0.9793,29.0,ASK,2025-04-23 23:19:25.118841,28.3997
0.9794,14.0,ASK,2025-04-23 23:19:25.118841,13.7116
0.9795,28.0,ASK,2025-04-23 23:19:25.118841,27.426000000000002
0.9796,39.0,ASK,2025-04-23 23:19:25.118841,38.2044
0.9797,105.0,ASK,2025-04-23 23:19:25.118841,102.8685
0.9798,90.0,ASK,2025-04-23 23:19:25.118841,88.182
0.9799,17.0,ASK,2025-04-23 23:19:25.118841,16.6583
0.98,4250.0,ASK,2025-04-23 23:19:25.118841,4165.0
0.9801,14.0,ASK,2025-04-23 23:19:25.118841,13.7214
0.9802,14.0,ASK,2025-04-23 23:19:25.118841,13.7228
0.9803,35.0,ASK,2025-04-23 23:19:25.118841,34.3105
0.9804,103.0,ASK,2025-04-23 23:19:25.118841,100.9812
0.9805,7.0,ASK,2025-04-23 23:19:25.118841,6.8635
0.9806,7.0,ASK,2025-04-23 23:19:25.118841,6.8642
0.9807,42.0,ASK,2025-04-23 23:19:25.118841,41.1894
0.9808,12.0,ASK,2025-04-23 23:19:25.118841,11.7696
0.9809,18.0,ASK,2025-04-23 23:19:25.118841,17.6562
0.981,25.0,ASK,2025-04-23 23:19:25.118841,24.525
0.9811,21.0,ASK,2025-04-23 23:19:25.118841,20.603099999999998
0.9812,21.0,ASK,2025-04-23 23:19:25.118841,20.6052
0.9813,35.0,ASK,2025-04-23 23:19:25.118841,34.3455
0.9814,21.0,ASK,2025-04-23 23:19:25.118841,20.6094
0.9815,72.0,ASK,2025-04-23 23:19:25.118841,70.668
0.9816,14.0,ASK,2025-04-23 23:19:25.118841,13.7424
0.9817,54.0,ASK,2025-04-23 23:19:25.118841,53.0118
0.9818,66.0,ASK,2025-04-23 23:19:25.118841,64.7988
0.9819,7.0,ASK,2025-04-23 23:19:25.118841,6.8733
0.982,81.0,ASK,2025-04-23 23:19:25.118841,79.542
0.9821,19.0,ASK,2025-04-23 23:19:25.118841,18.6599
0.9822,7.0,ASK,2025-04-23 23:19:25.118841,6.8754
0.9825,50.0,ASK,2025-04-23 23:19:25.118841,49.125
0.9827,64.0,ASK,2025-04-23 23:19:25.118841,62.8928
0.9829,18.0,ASK,2025-04-23 23:19:25.118841,17.6922
0.983,21.0,ASK,2025-04-23 23:19:25.118841,20.643
0.9831,14.0,ASK,2025-04-23 23:19:25.118841,13.763399999999999
0.9834,21.0,ASK,2025-04-23 23:19:25.118841,20.651400000000002
0.9835,7.0,ASK,2025-04-23 23:19:25.118841,6.8845
0.9837,13.0,ASK,2025-04-23 23:19:25.118841,12.7881
0.9838,44.0,ASK,2025-04-23 23:19:25.118841,43.2872
0.984,162.0,ASK,2025-04-23 23:19:25.118841,159.408
0.9841,7.0,ASK,2025-04-23 23:19:25.118841,6.8887
0.9843,41.0,ASK,2025-04-23 23:19:25.118841,40.3563
0.9844,46.0,ASK,2025-04-23 23:19:25.118841,45.2824
0.9845,35.0,ASK,2025-04-23 23:19:25.118841,34.4575
0.9846,42.0,ASK,2025-04-23 23:19:25.118841,41.3532
0.9848,2551.0,ASK,2025-04-23 23:19:25.118841,2512.2248
0.9849,85.0,ASK,2025-04-23 23:19:25.118841,83.7165
0.985,35.0,ASK,2025-04-23 23:19:25.118841,34.475
0.9851,49.0,ASK,2025-04-23 23:19:25.118841,48.2699
0.9852,42.0,ASK,2025-04-23 23:19:25.118841,41.3784
0.9853,49.0,ASK,2025-04-23 23:19:25.118841,48.2797
0.9854,49.0,ASK,2025-04-23 23:19:25.118841,48.284600000000005
0.9855,185.0,ASK,2025-04-23 23:19:25.118841,182.3175
0.9857,21.0,ASK,2025-04-23 23:19:25.118841,20.6997
0.9858,64.0,ASK,2025-04-23 23:19:25.118841,63.0912
0.9859,21.0,ASK,2025-04-23 23:19:25.118841,20.7039
0.986,1004.0,ASK,2025-04-23 23:19:25.118841,989.944
0.9861,28.0,ASK,2025-04-23 23:19:25.118841,27.610799999999998
0.9862,57.0,ASK,2025-04-23 23:19:25.118841,56.2134
0.9863,84.0,ASK,2025-04-23 23:19:25.118841,82.8492
0.9864,56.0,ASK,2025-04-23 23:19:25.118841,55.238400000000006
0.9865,6.0,ASK,2025-04-23 23:19:25.118841,5.9190000000000005
0.9866,105.0,ASK,2025-04-23 23:19:25.118841,103.593
0.9867,1556.0,ASK,2025-04-23 23:19:25.118841,1535.3052
0.9868,48.0,ASK,2025-04-23 23:19:25.118841,47.3664
0.9869,98.0,ASK,2025-04-23 23:19:25.118841,96.7162
0.987,49.0,ASK,2025-04-23 23:19:25.118841,48.363
0.9871,70.0,ASK,2025-04-23 23:19:25.118841,69.097
0.9872,35.0,ASK,2025-04-23 23:19:25.118841,34.552
0.9873,76.0,ASK,2025-04-23 23:19:25.118841,75.03479999999999
0.9874,49.0,ASK,2025-04-23 23:19:25.118841,48.382600000000004
0.9875,6.0,ASK,2025-04-23 23:19:25.118841,5.925000000000001
0.9876,1385.0,ASK,2025-04-23 23:19:25.118841,1367.826
0.9877,41.0,ASK,2025-04-23 23:19:25.118841,40.4957
0.9878,35.0,ASK,2025-04-23 23:19:25.118841,34.573
0.9879,103.0,ASK,2025-04-23 23:19:25.118841,101.7537
0.988,162.0,ASK,2025-04-23 23:19:25.118841,160.056
0.9881,49.0,ASK,2025-04-23 23:19:25.118841,48.4169
0.9882,14.0,ASK,2025-04-23 23:19:25.118841,13.8348
0.9883,160.0,ASK,2025-04-23 23:19:25.118841,158.128
0.9885,28.0,ASK,2025-04-23 23:19:25.118841,27.678
0.9886,14.0,ASK,2025-04-23 23:19:25.118841,13.8404
0.9887,28.0,ASK,2025-04-23 23:19:25.118841,27.683600000000002
0.9888,2257.0,ASK,2025-04-23 23:19:25.118841,2231.7216
0.9889,42.0,ASK,2025-04-23 23:19:25.118841,41.5338
0.989,7.0,ASK,2025-04-23 23:19:25.118841,6.923
0.9891,7.0,ASK,2025-04-23 23:19:25.118841,6.9237
0.9894,14.0,ASK,2025-04-23 23:19:25.118841,13.8516
0.9895,9.0,ASK,2025-04-23 23:19:25.118841,8.9055
0.9896,49.0,ASK,2025-04-23 23:19:25.118841,48.4904
0.9898,41.0,ASK,2025-04-23 23:19:25.118841,40.5818
0.9899,47.0,ASK,2025-04-23 23:19:25.118841,46.5253
0.99,9601.0,ASK,2025-04-23 23:19:25.118841,9504.99
0.9901,49.0,ASK,2025-04-23 23:19:25.118841,48.5149
0.9902,26.0,ASK,2025-04-23 23:19:25.118841,25.7452
0.9903,11.0,ASK,2025-04-23 23:19:25.118841,10.8933
0.9904,34.0,ASK,2025-04-23 23:19:25.118841,33.6736
0.9905,66.0,ASK,2025-04-23 23:19:25.118841,65.373
0.9906,342.0,ASK,2025-04-23 23:19:25.118841,338.78520000000003
0.9907,42.0,ASK,2025-04-23 23:19:25.118841,41.6094
0.9908,102.0,ASK,2025-04-23 23:19:25.118841,101.0616
0.9909,25.0,ASK,2025-04-23 23:19:25.118841,24.7725
0.991,7.0,ASK,2025-04-23 23:19:25.118841,6.937
0.9914,14.0,ASK,2025-04-23 23:19:25.118841,13.8796
0.9915,21.0,ASK,2025-04-23 23:19:25.118841,20.8215
0.9916,7.0,ASK,2025-04-23 23:19:25.118841,6.9412
0.9917,1.0,ASK,2025-04-23 23:19:25.118841,0.9917
0.9919,7.0,ASK,2025-04-23 23:19:25.118841,6.9433
0.9921,26.0,ASK,2025-04-23 23:19:25.118841,25.7946
0.9922,7.0,ASK,2025-04-23 23:19:25.118841,6.945399999999999
0.9923,12.0,ASK,2025-04-23 23:19:25.118841,11.907599999999999
0.9927,97.0,ASK,2025-04-23 23:19:25.118841,96.2919
0.9928,1047.0,ASK,2025-04-23 23:19:25.118841,1039.4616
0.993,113.0,ASK,2025-04-23 23:19:25.118841,112.209
0.9933,55.0,ASK,2025-04-23 23:19:25.118841,54.631499999999996
0.9934,57.0,ASK,2025-04-23 23:19:25.118841,56.623799999999996
0.9938,22.0,ASK,2025-04-23 23:19:25.118841,21.8636
0.9939,6.0,ASK,2025-04-23 23:19:25.118841,5.9634
0.9942,8.0,ASK,2025-04-23 23:19:25.118841,7.9536
0.9945,30.0,ASK,2025-04-23 23:19:25.118841,29.835
0.9949,250.0,ASK,2025-04-23 23:19:25.118841,248.725
0.995,22269.0,ASK,2025-04-23 23:19:25.118841,22157.655
0.9952,45.0,ASK,2025-04-23 23:19:25.118841,44.784
0.9953,17.0,ASK,2025-04-23 23:19:25.118841,16.920099999999998
0.9954,264.0,ASK,2025-04-23 23:19:25.118841,262.7856
0.9958,86.0,ASK,2025-04-23 23:19:25.118841,85.6388
0.9962,26.0,ASK,2025-04-23 23:19:25.118841,25.9012
0.9966,25.0,ASK,2025-04-23 23:19:25.118841,24.915000000000003
0.9971,129.0,ASK,2025-04-23 23:19:25.118841,128.6259
0.9972,7.0,ASK,2025-04-23 23:19:25.118841,6.9803999999999995
0.9973,6.0,ASK,2025-04-23 23:19:25.118841,5.9838
0.9977,7.0,ASK,2025-04-23 23:19:25.118841,6.9839
0.9979,59.0,ASK,2025-04-23 23:19:25.118841,58.8761
0.998,50.0,ASK,2025-04-23 23:19:25.118841,49.9
0.9986,6.0,ASK,2025-04-23 23:19:25.118841,5.9916
0.9988,62.0,ASK,2025-04-23 23:19:25.118841,61.9256
0.999,122.0,ASK,2025-04-23 23:19:25.118841,121.878
0.9993,58.0,ASK,2025-04-23 23:19:25.118841,57.959399999999995
0.9995,12.0,ASK,2025-04-23 23:19:25.118841,11.994
0.9999,23.0,ASK,2025-04-23 23:19:25.118841,22.997700000000002
1.0,14554.0,ASK,2025-04-23 23:19:25.118841,14554.0
1.0006,14.0,ASK,2025-04-23 23:19:25.118841,14.008399999999998
1.0008,6.0,ASK,2025-04-23 23:19:25.118841,6.0047999999999995
1.0009,34.0,ASK,2025-04-23 23:19:25.118841,34.0306
1.001,64.0,ASK,2025-04-23 23:19:25.118841,64.064
1.0015,96.0,ASK,2025-04-23 23:19:25.118841,96.144
1.0019,5.0,ASK,2025-04-23 23:19:25.118841,5.0095
1.002,40.0,ASK,2025-04-23 23:19:25.118841,40.08
1.0021,79.0,ASK,2025-04-23 23:19:25.118841,79.1659
1.0022,7.0,ASK,2025-04-23 23:19:25.118841,7.0154
1.0023,52.0,ASK,2025-04-23 23:19:25.118841,52.1196
1.0024,236.0,ASK,2025-04-23 23:19:25.118841,236.5664
1.0025,10.0,ASK,2025-04-23 23:19:25.118841,10.024999999999999
1.0029,11.0,ASK,2025-04-23 23:19:25.118841,11.031899999999998
1.003,11.0,ASK,2025-04-23 23:19:25.118841,11.033
1.0038,7.0,ASK,2025-04-23 23:19:25.118841,7.0266
1.004,19.0,ASK,2025-04-23 23:19:25.118841,19.076
1.0042,57.0,ASK,2025-04-23 23:19:25.118841,57.239399999999996
1.0043,6.0,ASK,2025-04-23 23:19:25.118841,6.0258
1.0044,8.0,ASK,2025-04-23 23:19:25.118841,8.0352
1.0049,21.0,ASK,2025-04-23 23:19:25.118841,21.102899999999998
1.005,3.0,ASK,2025-04-23 23:19:25.118841,3.0149999999999997
1.0054,30.0,ASK,2025-04-23 23:19:25.118841,30.162000000000003
1.0059,148.0,ASK,2025-04-23 23:19:25.118841,148.8732
1.006,19.0,ASK,2025-04-23 23:19:25.118841,19.114
1.0062,95.0,ASK,2025-04-23 23:19:25.118841,95.589
1.0064,34.0,ASK,2025-04-23 23:19:25.118841,34.2176
1.0066,14.0,ASK,2025-04-23 23:19:25.118841,14.0924
1.0069,40.0,ASK,2025-04-23 23:19:25.118841,40.275999999999996
1.0072,56.0,ASK,2025-04-23 23:19:25.118841,56.403200000000005
1.0078,6.0,ASK,2025-04-23 23:19:25.118841,6.0468
1.0079,47.0,ASK,2025-04-23 23:19:25.118841,47.3713
1.008,11.0,ASK,2025-04-23 23:19:25.118841,11.088000000000001
1.0081,21.0,ASK,2025-04-23 23:19:25.118841,21.1701
1.0082,57.0,ASK,2025-04-23 23:19:25.118841,57.4674
1.0088,12.0,ASK,2025-04-23 23:19:25.118841,12.105599999999999
1.0092,11.0,ASK,2025-04-23 23:19:25.118841,11.1012
1.0094,10.0,ASK,2025-04-23 23:19:25.118841,10.094000000000001
1.0097,57.0,ASK,2025-04-23 23:19:25.118841,57.5529
1.0099,7.0,ASK,2025-04-23 23:19:25.118841,7.0693
1.01,41.0,ASK,2025-04-23 23:19:25.118841,41.410000000000004
1.0103,95.0,ASK,2025-04-23 23:19:25.118841,95.9785
1.0108,8.0,ASK,2025-04-23 23:19:25.118841,8.0864
1.0112,6.0,ASK,2025-04-23 23:19:25.118841,6.067200000000001
1.0114,64.0,ASK,2025-04-23 23:19:25.118841,64.7296
1.0116,13.0,ASK,2025-04-23 23:19:25.118841,13.1508
1.012,34.0,ASK,2025-04-23 23:19:25.118841,34.408
1.0122,7.0,ASK,2025-04-23 23:19:25.118841,7.0854
1.0133,11.0,ASK,2025-04-23 23:19:25.118841,11.1463
